file_name,PAI_tree_only,slices_occupied,crown_height_m,elapsed_s,tag,PAI_combined,sbpltnm,Species,DBH,Quadrant,subqu,Lianas,Illumination,Nota,infest_cat,infest_bin,dbh_cm,log_dbh
ADELIA_2862,4.38542514345331,250,12.6,0.554788112640381,2862,9.37908315565032,65,Adelia triloba,328,3311,13,90,10,sub correcte: 1,Heavy,Infested,32.8,3.490428515390098
ALCHCO_1840,10.8405894582365,367,18.45,3.85836791992188,1840,16.6242277992278,74,Alchornea costaricensis,280,3811,43,10,10,NA,Light,Infested,28,3.332204510175204
ALCHCO_5883,2.18421176470588,223,11.4,0.181960105895996,5883,5.9547385620915,28,Alchornea costaricensis,212,1505,44,100,50,NA,Heavy,Infested,21.2,3.054001181677967
ALCHCO_5883,2.18421176470588,223,11.4,0.181960105895996,5883,5.9547385620915,28,Alchornea costaricensis,275,1505,44,100,0,NA,Heavy,Infested,27.5,3.3141860046725258
ALCHCO_87710,7.3062678469446,205,10.25,0.451813936233521,87710,10.5398001508296,68,Alchornea costaricensis,316,3415,33,5,5,NA,Light,Infested,31.6,3.4531571205928664
ALCHCO_87714,8.896003470214,305,15.25,0.525607109069824,87714,16.2385572139303,68,Alchornea costaricensis,406,3415,33,5,100,NA,Light,Infested,40.6,3.703768066607687
ALCHCO_87943,3.8928916827853,225,11.3,0.723721027374268,87943,10.8403610573823,69,Alchornea costaricensis,429,3416,41,5,100,NA,Light,Infested,42.9,3.758871825933971
ALCHCO_87943,3.8928916827853,225,11.3,0.723721027374268,87943,10.8403610573823,69,Alchornea costaricensis,320,3416,41,25,100,NA,Light,Infested,32,3.4657359027997265
ALCHCO_93079,5.30628475270705,205,10.25,0.254595041275024,93079,9.68109452736318,68,Alchornea costaricensis,213,3315,12,0,5,NA,None,None,21.3,3.0587070727153796
ALLOPH_146653,4.2375566893424,66,3.3,0.0632889270782471,146653,1.232,51,Allophylus psilospermus,223,2309,21,80,10,NA,Heavy,Infested,22.3,3.104586678466073
ALSEBL_104704,2.45321285140562,131,6.55,0.101011037826538,104704,5.24117647058824,64,Alseis blackiana,204,3123,42,100,100,NA,Heavy,Infested,20.4,3.0155349008501706
ALSEBL_104741,4.24708363570392,367,18.4,0.766194105148315,104741,9.8814162473041,64,Alseis blackiana,287,3124,12,25,20,NA,Light,Infested,28.7,3.3568971227655755
ALSEBL_104870,3.06009216589862,249,12.45,0.296519041061401,104870,7.8992673992674,64,Alseis blackiana,307,3124,43,100,70,NA,Heavy,Infested,30.7,3.4242626545931514
ALSEBL_1082,3.9391997961264,353,17.65,0.76513409614563,1082,5.35277268093782,82,Alseis blackiana,467,4314,22,0,100,sub correcte: 1,None,None,46.7,3.8437441646748516
ALSEBL_115787,3.81431270043492,293,14.65,0.537362098693848,115787,6.55102772675588,58,Alseis blackiana,284,2805,14,0,5,NA,None,None,28.4,3.3463891451671604
ALSEBL_1283,4.9977536392522,347,17.35,1.63332295417786,1283,8.37056071323313,82,Alseis blackiana,712,4215,12,0,25,NA,None,None,71.2,4.26549281841793
ALSEBL_1718,3.17938800489596,323,16.15,0.486504793167114,1718,5.78902536715621,77,Alseis blackiana,420,4020,42,0,5,NA,None,None,42,3.7376696182833684
ALSEBL_1775,4.51438437723268,279,13.95,0.615495204925537,1775,9.53539115646259,77,Alseis blackiana,396,3921,24,0,60,NA,None,None,39.6,3.6788291182604347
ALSEBL_181579,4.90322962962963,175,8.9,0.220573902130127,181579,9.10478524743231,31,Alseis blackiana,200,1608,12,100,50,NA,Heavy,Infested,20,2.995732273553991
ALSEBL_181662,1.13022980336413,188,9.4,0.106441020965576,181662,3.81663602941176,31,Alseis blackiana,278,1608,32,100,50,NA,Heavy,Infested,27.8,3.3250360206965914
ALSEBL_185884,6.50050251256281,370,18.5,1.13287496566772,185884,12.5147647058824,28,Alseis blackiana,311,1504,12,0,5,NA,None,None,31.1,3.4372078191851885
ALSEBL_191977,7.25160396173478,327,16.35,0.617678165435791,191977,12.4521435228332,24,Alseis blackiana,368,1410,44,0,100,NA,None,None,36.8,3.6054978451748854
ALSEBL_192141,3.95938604651163,212,10.65,0.228757858276367,192141,7.63042735042735,24,Alseis blackiana,203,1411,33,10,5,NA,Light,Infested,20.3,3.0106208860477417
ALSEBL_1989,5.96399606437557,389,19.5,0.84432315826416,1989,12.364948172395,74,Alseis blackiana,352,3811,33,5,50,NA,Light,Infested,35.2,3.5610460826040513
ALSEBL_211432,4.59145732255166,378,18.9,0.440629959106445,211432,10.4234375,19,Alseis blackiana,218,1008,14,0,5,NA,None,None,21.8,3.0819099697950434
ALSEBL_213039,5.89344852591833,146,7.35,0.49301815032959,213039,8.64161220043573,20,Alseis blackiana,315,1015,33,100,100,NA,Heavy,Infested,31.5,3.449987545831587
ALSEBL_2171,4.46364684186261,329,16.45,0.809499979019165,2171,8.03560606060606,74,Alseis blackiana,395,3711,22,5,5,NA,Light,Infested,39.5,3.676300671907076
ALSEBL_2177,3.31676038454562,181,9.05,0.230705976486206,2177,6.90737125070741,74,Alseis blackiana,295,3710,32,65,5,NA,Heavy,Infested,29.5,3.3843902633457743
ALSEBL_2326,3.30519330855019,296,14.8,0.717688083648682,2326,7.88805925925926,72,Alseis blackiana,592,3612,11,0,100,NA,None,None,59.2,4.0809215418899605
ALSEBL_2342,3.96472335996777,220,11,0.501165151596069,2342,8.38320427236315,72,Alseis blackiana,615,3613,33,25,100,NA,Light,Infested,61.5,4.119037174812473
ALSEBL_2467,4.62604501607717,348,17.45,0.933127880096436,2467,9.29009768009768,69,Alseis blackiana,520,3517,32,0,100,NA,None,None,52,3.9512437185814275
ALSEBL_2470,5.35270623742455,307,15.35,0.475004196166992,2470,9.62445702250889,69,Alseis blackiana,382,3516,24,55,100,NA,Heavy,Infested,38.2,3.6428355156125294
ALSEBL_2497,9.38275123778938,276,13.8,1.08457899093628,2497,12.0726447368421,72,Alseis blackiana,310,3513,12,0,95,NA,None,None,31,3.4339872044851463
ALSEBL_2680,3.57949820788531,337,16.85,0.56878399848938,2680,9.24860256410257,68,Alseis blackiana,358,3414,23,80,100,NA,Heavy,Infested,35.8,3.5779478934066544
ALSEBL_2681,5.34147291466922,361,18.05,1.39261078834534,2681,10.8875479386385,68,Alseis blackiana,505,3414,24,25,100,NA,Light,Infested,50.5,3.9219733362813143
ALSEBL_3110,1.08708262591964,153,7.65,0.0972640514373779,3110,3.01083757781551,64,Alseis blackiana,222,3223,41,100,100,NA,Heavy,Infested,22.2,3.100092288878234
ALSEBL_3115,3.26728307254623,226,11.3,0.322263956069946,3115,7.20322580645161,64,Alseis blackiana,367,3223,43,100,100,NA,Heavy,Infested,36.7,3.6027767550605247
ALSEBL_3119,3.23658767083455,228,11.4,0.304521083831787,3119,6.87394034536892,64,Alseis blackiana,330,3223,31,10,90,NA,Light,Infested,33,3.4965075614664802
ALSEBL_3120,2.39908377227503,254,12.7,0.34101390838623,3120,7.38142222222222,64,Alseis blackiana,387,3224,11,100,95,NA,Heavy,Infested,38.7,3.655839600035736
ALSEBL_3130,3.628968456948,229,11.45,0.161396026611328,3130,7.60668965517241,64,Alseis blackiana,335,3224,41,95,100,NA,Heavy,Infested,33.5,3.5115454388310208
ALSEBL_3134,2.60317109144543,160,8,0.186448812484741,3134,4.74922849291904,64,Alseis blackiana,293,3124,24,50,5,NA,Light,Infested,29.3,3.3775875160230218
ALSEBL_3135,2.59611986169804,217,10.85,0.233309984207153,3135,6.82840022296544,64,Alseis blackiana,403,3124,14,90,100,NA,Heavy,Infested,40.3,3.696351468952637
ALSEBL_3145,1.23560047095761,235,11.75,0.157922983169556,3145,5.31641025641026,64,Alseis blackiana,410,3123,44,100,100,NA,Heavy,Infested,41,3.713572066704308
ALSEBL_3551,1.31603558394161,145,7.25,0.104417085647583,3551,4.62395451210565,59,Alseis blackiana,362,2913,14,100,100,NA,Heavy,Infested,36.2,3.5890591188317256
ALSEBL_3554,4.76942490775284,303,15.15,1.03488397598267,3554,6.87057777777778,59,Alseis blackiana,470,2913,33,0,100,NA,None,None,47,3.8501476017100584
ALSEBL_359,2.1418237384078,336,16.8,0.459697961807251,359,5.44362622261741,94,Alseis blackiana,500,4717,21,0,100,NA,None,None,50,3.912023005428146
ALSEBL_3600,5.87073965461062,512,25.6,1.84211802482605,3600,10.8855476190476,58,Alseis blackiana,462,2906,23,0,100,NA,None,None,46.2,3.832979798087693
ALSEBL_3602,6.40146130517803,326,16.3,2.21911382675171,3602,8.43906403940887,58,Alseis blackiana,473,2906,11,0,100,NA,None,None,47.3,3.856510295497887
ALSEBL_3612,6.90721244131455,439,21.95,2.86005401611328,3612,10.1258622034956,58,Alseis blackiana,540,2905,21,0,100,NA,None,None,54,3.9889840465642745
ALSEBL_3731,3.70757866922892,337,16.95,0.390352010726929,3731,5.93266666666667,59,Alseis blackiana,305,2812,43,0,10,NA,None,None,30.5,3.417726683613366
ALSEBL_4528,5.24130708001676,348,17.4,0.794780015945435,4528,9.23733644157016,49,Alseis blackiana,506,2316,21,5,25,sub:correcto(1,Light,Infested,50.6,3.92395157629342
ALSEBL_513,1.84992152711877,361,18.05,0.376006841659546,513,5.1230169737798,92,Alseis blackiana,419,4604,43,0,100,broken crown,None,None,41.9,3.735285826928092
ALSEBL_5316,3.71228694404591,285,14.25,0.395116090774536,5316,10.3156253569389,36,Alseis blackiana,437,1807,13,100,100,broken crown,Heavy,Infested,43.7,3.7773481021015445
ALSEBL_5540,4.94849258850034,439,21.95,1.34800100326538,5540,12.8184837092732,31,Alseis blackiana,492,1708,42,75,0,NA,Heavy,Infested,49.2,3.8958936234982624
ALSEBL_57043,3.48022727272727,339,16.95,0.444398880004883,57043,7.45644490644491,77,Alseis blackiana,275,4020,43,0,5,NA,None,None,27.5,3.3141860046725258
ALSEBL_5891,3.23724796798114,237,11.85,0.566078901290894,5891,8.30042112082928,28,Alseis blackiana,438,1504,43,15,25,NA,Light,Infested,43.8,3.7796338173824005
ALSEBL_5895,5.87531335233367,402,20.15,1.42445611953735,5895,14.2186577181208,28,Alseis blackiana,393,1504,21,5,100,NA,Light,Infested,39.3,3.6712245188752153
ALSEBL_6184,3.71753753753754,193,9.65,0.441174983978271,6184,4.72375107051099,24,Alseis blackiana,250,1311,21,0,5,NA,None,None,25,3.2188758248682006
ALSEBL_6554,4.42338961851157,268,13.55,0.23219108581543,6554,12.2478494623656,19,Alseis blackiana,305,1108,14,100,95,NA,Heavy,Infested,30.5,3.417726683613366
ALSEBL_6561,4.68412037357316,229,11.45,0.802999973297119,6561,7.1436461656948,19,Alseis blackiana,420,1107,13,0,85,NA,None,None,42,3.7376696182833684
ALSEBL_6707,4.64006522717049,233,11.65,0.546869993209839,6707,10.172217290964,19,Alseis blackiana,387,1007,11,100,90,NA,Heavy,Infested,38.7,3.655839600035736
ALSEBL_6745,6.05400874635569,513,26.25,2.39631295204163,6745,12.4083475971034,20,Alseis blackiana,715,1014,21,0,0,NA,None,None,71.5,4.269697449699962
ALSEBL_8209,4.10428797468354,207,10.35,0.285213947296143,8209,6.621140625,1,Alseis blackiana,504,121,43,0,100,broken crown,None,None,50.4,3.919991175077323
ALSEBL_82091,4.16491428571429,138,6.9,0.185338020324707,82091,6.89632653061225,72,Alseis blackiana,240,3512,31,100,100,NA,Heavy,Infested,24,3.1780538303479458
ALSEBL_8215,4.50968809073724,360,18,0.646126985549927,8215,11.8423038630028,1,Alseis blackiana,319,120,31,100,100,NA,Heavy,Infested,31.9,3.462606009790799
ALSEBL_88029,2.78010101010101,198,9.9,0.201589822769165,88029,6.71512544802867,69,Alseis blackiana,209,3417,22,100,100,NA,Heavy,Infested,20.9,3.039749158970765
ALSEBL_88116,3.52969348659004,107,5.35,0.0799851417541504,88116,5.0270474137931,69,Alseis blackiana,201,3417,43,0,75,NA,None,None,20.1,3.0007198150650303
ALSEBL_97203,4.54492063492064,271,13.55,0.527322053909302,97203,8.74419191919192,65,Alseis blackiana,252,3211,31,0,80,NA,None,None,25.2,3.2268439945173775
ALSEBL_99474,2.91559934318555,178,8.9,0.128067016601562,99474,3.61041666666667,64,Alseis blackiana,238,3223,13,30,0,NA,Light,Infested,23.8,3.169685580677429
ALSEBL_99532,2.15747847607097,199,9.95,0.194072008132935,99532,6.80861538461539,64,Alseis blackiana,371,3223,21,50,100,NA,Light,Infested,37.1,3.6136169696133895
ALSEBL_99837,4.09521597026403,248,12.6,0.335949897766113,99837,6.13360676749551,64,Alseis blackiana,345,3224,42,90,100,NA,Heavy,Infested,34.5,3.5409593240373143
APEIME_180862,4.90987103174603,244,12.2,0.303339004516602,180862,10.243407960199,28,Apeiba membranacea,304,1604,24,100,100,NA,Heavy,Infested,30.4,3.414442608412176
APEIME_206382,4.27506348949046,213,10.65,0.406324148178101,206382,8.20103225806452,19,Apeiba membranacea,237,1108,24,50,100,NA,Light,Infested,23.7,3.1654750481410856
APEIME_20851,0.800415800415801,80,4,0.0332839488983154,20851,4.63748125937032,92,Apeiba membranacea,229,4705,33,100,0,NA,Heavy,Infested,22.9,3.131136910560194
APEIME_2846,1.45456906502501,302,15.1,0.30585503578186,2846,6.2458894446582,68,Apeiba membranacea,478,3314,34,95,100,NA,Heavy,Infested,47.8,3.86702563949741
APEIME_2861,2.46212431531317,284,14.2,0.630558013916016,2861,6.40691784274194,65,Apeiba membranacea,649,3311,13,50,100,NA,Light,Infested,64.9,4.1728476237100445
APEIME_3141,1.44802892648287,355,17.85,0.258183002471924,3141,6.3514168797954,64,Apeiba membranacea,787,3123,14,100,90,NA,Heavy,Infested,78.7,4.365643155423357
APEIME_7343,0.9163593550447,139,6.95,0.122431993484497,7343,2.3633818411895,11,Apeiba membranacea,482,605,23,5,5,NA,Light,Infested,48.2,3.8753590210565547
APEIME_8213,4.30463441451347,329,16.45,0.524375915527344,8213,11.3150793650794,1,Apeiba membranacea,362,120,23,100,100,NA,Heavy,Infested,36.2,3.5890591188317256
APEIME_82615,3.11069767441861,74,3.7,0.0770351886749268,82615,5.14652777777778,69,Apeiba membranacea,271,3516,14,100,100,broken crown,Heavy,Infested,27.1,3.299533727885655
ASPICR_2178,4.6213944648341,376,18.95,1.68019580841064,2178,6.80635943303267,74,Aspidosperma spruceanum,1059,3710,33,0,100,NA,None,None,105.9,4.662495252607361
ASPICR_3730,4.49836828486464,371,18.55,0.908994197845459,3730,7.78823665001921,59,Aspidosperma spruceanum,540,2812,33,0,100,NA,None,None,54,3.9889840465642745
ASPICR_8205,5.02049775688955,257,12.85,0.990248203277588,8205,9.26656954887218,1,Aspidosperma spruceanum,659,121,24,50,100,NA,Light,Infested,65.9,4.188138441508461
AST2GR_231066,3.43321680504401,165,8.25,0.240402936935425,231066,7.10726579788542,11,Astronium graveolens,312,606,44,100,100,broken crown,Heavy,Infested,31.2,3.4404180948154366
AST2GR_5221,1.30438001802392,402,20.1,0.447613954544067,5221,3.61359885620915,36,Astronium graveolens,844,1907,41,0,100,NA,None,None,84.4,4.4355674016019115
ATTALE_2172,2.77933785032338,163,8.15,0.220273971557617,2172,5.30533746130031,74,Attalea butyracea,340,3711,12,0,5,NA,None,None,34,3.5263605246161616
BEILPE_1776,2.49483825950047,260,13,0.365748882293701,1776,4.51952780543308,77,Beilschmiedia pendula,505,3921,14,0,100,NA,None,None,50.5,3.9219733362813143
BEILPE_2496,7.57301345889412,312,15.65,1.23416090011597,2496,10.5701429980276,72,Beilschmiedia pendula,515,3513,24,0,100,NA,None,None,51.5,3.9415818076696905
BEILPE_28496,2.90169824202082,207,10.45,0.233934164047241,28496,4.380513478819,94,Beilschmiedia pendula,411,4617,41,0,100,NA,None,None,41.1,3.716008121502189
BEILPE_29020,8.7093257359924,294,14.7,0.421890020370483,29020,11.6536390827517,91,Beilschmiedia pendula,204,4620,23,0,100,NA,None,None,20.4,3.0155349008501706
BEILPE_29258,8.91748345740281,420,21,0.373942136764526,29258,14.1794460056202,91,Beilschmiedia pendula,265,4621,32,0,30,NA,None,None,26.5,3.2771447329921766
BEILPE_56972,3.62709297839506,257,12.85,0.160388946533203,56972,10.5075,77,Beilschmiedia pendula,298,4020,24,10,85,NA,Light,Infested,29.8,3.3945083935113587
BEILPE_620,2.39076040839789,310,15.5,0.510448932647705,620,4.16690476190476,91,Beilschmiedia pendula,678,4621,22,0,100,NA,None,None,67.8,4.216562194946349
BEILPE_681,3.58365478914678,211,10.6,0.545429944992065,681,5.13475524475525,91,Beilschmiedia pendula,448,4520,42,100,100,NA,Heavy,Infested,44.8,3.8022081394209395
BEILPE_82848,6.78997867803838,252,12.6,0.287952184677124,82848,10.8752870264064,69,Beilschmiedia pendula,359,3517,42,0,25,NA,None,None,35.9,3.580737295494233
BEILPE_87763,4.47009230769231,171,8.55,0.396874904632568,87763,7.31390565615918,68,Beilschmiedia pendula,232,3415,43,20,90,NA,Light,Infested,23.2,3.1441522786722644
BROSAL_2173,3.64303206048314,383,19.15,2.19941592216492,2173,5.09349264365689,74,Brosimum alicastrum,685,3711,41,0,100,NA,None,None,68.5,4.22683374526818
BROSAL_3681,1.38948326076811,601,30.15,1.04008102416992,3681,3.11206774376417,58,Brosimum alicastrum,885,2805,23,0,100,NA,None,None,88.5,4.483002552013883
BROSAL_4524,2.02995958272495,516,25.85,3.0533549785614,4524,5.50434141528364,49,Brosimum alicastrum,1200,2316,23,0,100,NA,None,None,120,4.787491742782046
BROSAL_6193,0.924894873038978,307,15.4,0.23484206199646,6193,1.52122365662584,24,Brosimum alicastrum,725,1310,13,0,100,NA,None,None,72.5,4.283586561860629
CASEAR_82237,3.46551724137931,211,10.55,0.342519044876099,82237,5.09055555555556,72,Casearia arborea,278,3513,21,0,100,NA,None,None,27.8,3.3250360206965914
CASESY_147565,1.43440417787625,196,9.8,0.109190940856934,147565,5.80297339593114,49,Casearia sylvestris,213,2316,14,75,5,NA,Heavy,Infested,21.3,3.0587070727153796
CASSEL_1277,1.81774370208105,238,11.9,0.217207193374634,1277,4.46692449780651,82,Cassipourea elliptica,300,4214,11,5,5,NA,Light,Infested,30,3.4011973816621555
CASSEL_263536,9.66024185652669,330,16.5,1.3333420753479,263536,12.9418206075534,1,Cassipourea elliptica,206,20,34,0,50,NA,None,None,20.6,3.0252910757955354
CAVAPL_3031,0.651142857142857,130,6.55,0.100152969360352,3031,0.944019832189169,65,Cavanillesia platanifolia,662,3211,13,0,10,NA,None,None,66.2,4.192680462942962
CAVAPL_3603,0.75778801843318,360,18,0.386894941329956,3603,1.32096452770028,58,Cavanillesia platanifolia,1325,2906,21,0,100,NA,None,None,132.5,4.886582645426277
CECRIN_141903,1.2673775295532,286,14.3,0.31071400642395,141903,2.24140342177039,51,Cecropia insignis,325,2409,34,0,100,NA,None,None,32.5,3.481240089335692
CECRIN_414129,1.94842207519429,197,9.85,0.209326028823853,414129,3.56548121570283,23,Cecropia insignis,302,1404,43,0,100,NA,None,None,30.2,3.407841924380824
CECRIN_440922,1.55032552190098,246,12.3,0.29645299911499,440922,3.56516274572994,77,Cecropia insignis,328,4020,23,80,100,NA,Heavy,Infested,32.8,3.490428515390098
CECRIN_505099,1.31350157968863,263,13.7,0.179352045059204,505099,3.20361749444033,11,Cecropia insignis,303,505,21,0,100,NA,None,None,30.3,3.4111477125153233
CECRIN_505102,1.15969808541973,195,9.75,0.0957269668579102,505102,2.14561655648175,11,Cecropia insignis,206,505,21,0,100,NA,None,None,20.6,3.0252910757955354
CECRIN_513042,0.606385696040869,221,11.1,0.156414985656738,513042,1.28261238337574,23,Cecropia insignis,377,1304,12,0,100,NA,None,None,37.7,3.629660094453965
CECRIN_613031,0.920377622954199,424,21.2,0.264786005020142,613031,3.03232730263158,23,Cecropia insignis,255,1305,11,0,100,NA,None,None,25.5,3.2386784521643803
CECRIN_613037,1.95803573500406,344,17.2,0.628948211669922,613037,3.68985294117647,23,Cecropia insignis,348,1305,12,0,100,NA,None,None,34.8,3.5496173867804286
CECRIN_613049,1.72419484702093,286,14.3,0.318167209625244,613049,3.81690385032146,23,Cecropia insignis,304,1305,22,0,100,NA,None,None,30.4,3.414442608412176
CECRIN_633185,1.44567258624209,220,11,0.147171974182129,633185,2.67565031982942,68,Cecropia insignis,271,3315,23,0,100,NA,None,None,27.1,3.299533727885655
CECRIN_633195,1.90060802400179,200,10,0.291738033294678,633195,3.49789359806542,68,Cecropia insignis,394,3315,22,0,100,NA,None,None,39.4,3.673765816303888
CECRIN_72061,0.59308516223879,112,5.6,0.0772850513458252,72061,1.8940428238287,74,Cecropia insignis,245,3710,41,0,100,NA,None,None,24.5,3.1986731175506815
CECRIN_97121,3.08380162120714,283,14.15,0.362779855728149,97121,5.1791422170063,65,Cecropia insignis,290,3211,14,0,100,NA,None,None,29,3.367295829986474
CECROB_713072,0.488374468780647,242,12.1,0.128950834274292,713072,1.60103963612736,23,Cecropia obtusifolia,235,1305,41,0,100,NA,None,None,23.5,3.1570004211501135
CEIBPE_3608,0.92945711465096,256,12.85,0.564835071563721,3608,1.56020068576039,58,Ceiba pentandra,1453,2905,23,0,110,NA,None,None,145.3,4.9788005705762375
CEIBPE_5213,1.59210449571505,797,39.85,9.61440706253052,5213,12.5923768455548,36,Ceiba pentandra,2130,1908,22,0,100,NA,None,None,213,5.3612921657094255
CHIMPA_28183,6.16700837742504,501,25.05,0.969451904296875,28183,9.21715323166304,94,Chimarrhis parviflora,225,4616,43,0,5,NA,None,None,22.5,3.1135153092103742
CHR2AR_176143,2.32386167856264,234,11.7,0.387836933135986,176143,5.13857906799083,31,Chrysophyllum argenteum,298,1707,23,75,100,NA,Heavy,Infested,29.8,3.3945083935113587
CHR2AR_189893,1.80146903548639,160,8,0.116621971130371,189893,4.75931985294118,49,Chrysophyllum argenteum,221,2316,41,100,100,NA,Heavy,Infested,22.1,3.095577608523707
CHR2AR_596,4.4180531975099004,261,13.25,0.490829944610596,596,8.26240690771722,94,Chrysophyllum argenteum,248,4617,43,95,5,NA,Heavy,Infested,24.8,3.2108436531709366
CHR2AR_6227,7.63758865248227,273,13.85,0.496754169464111,6227,14.3393604872478,23,Chrysophyllum argenteum,280,1304,12,100,80,NA,Heavy,Infested,28,3.332204510175204
CHR2AR_8520,4.89153736725444,314,15.7,0.479989051818848,8520,6.9614861329147,1,Chrysophyllum argenteum,305,21,24,20,50,NA,Light,Infested,30.5,3.417726683613366
CHR2CA_4735,2.43413674318012,204,10.2,0.565495014190674,4735,5.31202161587527,49,Chrysophyllum cainito,569,2217,13,90,100,NA,Heavy,Infested,56.9,4.041295341132285
CHR2CA_673,4.71198902280631,455,22.85,2.64902687072754,673,7.96564128145438,91,Chrysophyllum cainito,840,4521,32,5,100,NA,Light,Infested,84,4.430816798843313
CORDBI_186159,2.55562124624625,201,10.05,0.125983953475952,186159,5.27951895043732,28,Cordia bicolor,200,1505,31,0,10,NA,None,None,20,2.995732273553991
CORDBI_207939,4.44377022653722,164,8.25,0.168483018875122,207939,5.85064102564103,20,Cordia bicolor,228,1115,44,100,100,NA,Heavy,Infested,22.8,3.126760535960395
CORDBI_29133,3.67019893483709,226,11.75,0.173875093460083,29133,5.93234841489689,91,Cordia bicolor,229,4620,42,0,100,NA,None,None,22.9,3.131136910560194
CORDBI_400820,2.82725090036014,100,5.05,0.100563049316406,400820,1.88571428571429,1,Cordia bicolor,248,21,21,90,95,NA,Heavy,Infested,24.8,3.2108436531709366
CORDBI_401981,7.02049804098855,374,18.7,0.673027038574219,401981,14.9685735294118,28,Cordia bicolor,307,1605,32,100,100,NA,Heavy,Infested,30.7,3.4242626545931514
CORDBI_414136,5.42230792498488,226,11.3,0.452859878540039,414136,7.80627229488704,23,Cordia bicolor,211,1404,43,0,5,NA,None,None,21.1,3.0492730404820207
CORDBI_8216,2.65121136173768,167,8.35,0.179014921188354,8216,6.34217631750163,1,Cordia bicolor,344,120,41,100,5,broken crown,Heavy,Infested,34.4,3.5380565643793527
DENDAR_6749,6.84812310744492,251,12.55,0.693298101425171,6749,9.15666113301515,20,Dendropanax arboreus,231,1014,34,75,5,NA,Heavy,Infested,23.1,3.139832617527748
DIPTPA_2854,2.88944617231407,519,25.95,2.13807797431946,2854,6.67658318815331,65,Dipteryx oleifera,625,3312,31,0,100,NA,None,None,62.5,4.135166556742356
DIPTPA_684,2.48918105178643,351,17.55,2.29967999458313,684,5.16253302348337,91,Dipteryx oleifera,853,4520,21,0,100,NA,None,None,85.3,4.446174454497633
DRYPST_1071,6.64307210719974,260,13.05,1.32639598846436,1071,4.24314503816794,82,Drypetes standleyi,416,4315,24,80,100,NA,Heavy,Infested,41.6,3.728100167267218
DRYPST_18029,9.97437874154787,377,18.85,1.93588399887085,18029,11.5053346924907,82,Drypetes standleyi,219,4214,42,0,5,NA,None,None,21.9,3.086486636822455
DRYPST_20742,6.20323232323232,311,15.55,1.11344504356384,20742,7.35414141414141,92,Drypetes standleyi,278,4704,41,0,0,NA,None,None,27.8,3.3250360206965914
DRYPST_25996,4.53009853309255,150,7.5,0.291303873062134,25996,9.53291979949875,92,Drypetes standleyi,262,4605,24,100,100,NA,Heavy,Infested,26.2,3.265759410767051
DRYPST_521,5.78474576271187,139,6.95,0.274956941604614,521,7.99443099273608,92,Drypetes standleyi,243,4605,41,0,5,NA,None,None,24.3,3.190476350346503
DRYPST_66983,8.2365372416056,276,13.8,1.45291519165039,66983,12.0821514423077,74,Drypetes standleyi,212,3810,32,20,5,NA,Light,Infested,21.2,3.054001181677967
DRYPST_72208,13.5038209606987,279,14,2.26589012145996,72208,17.4458547322084,74,Drypetes standleyi,229,3711,43,0,0,NA,None,None,22.9,3.131136910560194
EUGENE_2338,5.02503966155473,253,12.65,0.23670506477356,2338,9.01487455197133,72,Eugenia nesiotica,358,3613,14,5,50,NA,Light,Infested,35.8,3.5779478934066544
EUGENE_5222,1.64341463414634,47,2.4,0.0332100391387939,5222,3.57125850340136,36,Eugenia nesiotica,292,1907,41,100,100,broken crown,Heavy,Infested,29.2,3.374168709274236
EUGENE_5541,7.74817518248175,235,11.75,0.505382061004639,5541,11.4524036762107,31,Eugenia nesiotica,323,1708,11,80,5,NA,Heavy,Infested,32.3,3.475067230228611
EUGEOE_104598,3.24795072257759,192,9.6,0.375550985336304,104598,7.05600516573397,64,Eugenia oerstediana,263,3123,22,20,100,NA,Light,Infested,26.3,3.269568939183719
EUGEOE_141770,5.11810994387053,301,15.05,0.62702488899231,141770,10.6262116167222,51,Eugenia oerstediana,255,2409,11,0,25,NA,None,None,25.5,3.2386784521643803
EUGEOE_146461,5.68070987654321,266,13.3,1.06905889511108,146461,9.84069351230425,51,Eugenia oerstediana,306,2308,34,90,90,NA,Heavy,Infested,30.6,3.4210000089583352
EUGEOE_197229,6.72392116182573,299,14.95,1.03439116477966,197229,14.2095004095004,23,Eugenia oerstediana,335,1304,34,95,100,NA,Heavy,Infested,33.5,3.5115454388310208
EUGEOE_87583,3.93815909199751,180,9,0.214854955673218,87583,6.64915611814346,68,Eugenia oerstediana,202,3415,11,0,5,NA,None,None,20.2,3.005682604407159
GARCIN_3727,3.41626984126984,190,9.5,0.165643930435181,3727,7.15188571428572,59,Garcinia intermedia,241,2812,24,90,5,NA,Heavy,Infested,24.1,3.1822118404966093
GARCIN_446,9.01124074074074,177,8.85,1.09745502471924,446,11.1483263157895,92,Garcinia intermedia,240,4704,31,25,0,NA,Light,Infested,24,3.1780538303479458
GUAPST_2500,2.53086856042369,399,20,0.826043844223022,2500,5.23998397435897,72,Guapira standleyana,778,3513,43,20,100,NA,Light,Infested,77.8,4.354141431184346
GUAPST_3559,1.16708743024183,227,11.35,0.137428998947144,3559,3.17352320675106,59,Guapira standleyana,278,2912,42,0,100,NA,None,None,27.8,3.3250360206965914
GUAPST_5950,5.69739773993315,187,9.35,0.206794023513794,5950,10.6837760910816,23,Guapira standleyana,289,1404,34,50,5,NA,Light,Infested,28.9,3.3638415951183864
GUAPST_92240,1.63142054926735,177,8.85,0.0961449146270752,92240,4.10984848484849,65,Guapira standleyana,249,3311,14,90,60,NA,Heavy,Infested,24.9,3.214867803470662
GUARGU_1073,5.61466298051606,246,12.3,0.850929975509644,1073,3.91285714285714,82,Guarea guidonia,346,4315,41,70,5,NA,Heavy,Infested,34.6,3.543853682063679
GUARGU_1081,6.29231119199272,214,10.75,0.478879928588867,1081,3.59350547730829,82,Guarea guidonia,359,4314,22,0,10,NA,None,None,35.9,3.580737295494233
GUARGU_110995,5.15061196535878,281,14.05,0.681028127670288,110995,8.06112583951927,58,Guarea guidonia,213,2905,14,0,25,NA,None,None,21.3,3.0587070727153796
GUARGU_1715,1.77904485887097,238,11.9,0.108335971832275,1715,10.0351766513057,77,Guarea guidonia,338,4020,34,20,25,NA,Light,Infested,33.8,3.520460802488973
GUARGU_213097,5.38369818351188,179,8.95,0.198532104492188,213097,7.02918263090677,20,Guarea guidonia,247,1015,43,60,5,broken crown,Heavy,Infested,24.7,3.2068032436339315
GUARGU_23250,4.54213321567474,218,10.9,1.0025429725647,23250,4.8567053280174,94,Guarea guidonia,329,4717,24,50,100,NA,Light,Infested,32.9,3.493472657771326
GUARGU_2690,2.09323372206025,130,6.5,0.0917611122131348,2690,5.24191214470284,69,Guarea guidonia,313,3416,44,100,100,broken crown,Heavy,Infested,31.3,3.4436180975461075
GUARGU_2839,1.79174026946108,200,10,0.162897109985352,2839,7.24526785714286,68,Guarea guidonia,277,3314,12,100,95,NA,Heavy,Infested,27.7,3.3214324131932926
GUARGU_365,5.92221648023739,367,18.35,1.10926699638367,365,8.52799515933844,94,Guarea guidonia,400,4716,14,0,75,NA,None,None,40,3.6888794541139363
GUARGU_368,2.57052586608669,265,13.25,0.284641027450562,368,3.48984254399506,94,Guarea guidonia,243,4716,33,0,0,NA,None,None,24.3,3.190476350346503
GUARGU_618,3.67540623796689,245,12.25,0.615936994552612,618,6.23968774395004,91,Guarea guidonia,298,4620,22,0,80,NA,None,None,29.8,3.3945083935113587
GUARGU_6226,7.41011396011396,261,13.1,0.558511972427368,6226,13.8706552706553,23,Guarea guidonia,228,1304,11,80,100,NA,Heavy,Infested,22.8,3.126760535960395
GUARGU_67223,3.17701650576145,211,10.55,0.274746894836426,67223,6.02530959752322,74,Guarea guidonia,213,3811,41,5,5,sub correcte: 1,Light,Infested,21.3,3.0587070727153796
GUARGU_6750,5.95909954834359,254,12.7,0.894556045532227,6750,10.7442258831243,20,Guarea guidonia,380,1014,12,0,0,NA,None,None,38,3.6375861597263857
GUARGU_87825,1.60772833723653,186,9.3,0.10054612159729,87825,8.92974358974359,69,Guarea guidonia,220,3416,13,100,100,NA,Heavy,Infested,22,3.091042453358316
GUARGU_92951,3.26563492063492,176,8.8,0.153103828430176,92951,6.3022641509434,68,Guarea guidonia,209,3314,21,25,100,NA,Light,Infested,20.9,3.039749158970765
GUARGU_93143,3.60365453818473,136,6.8,0.400394916534424,93143,5.1122075441668,68,Guarea guidonia,266,3315,21,15,10,NA,Light,Infested,26.6,3.2809112157876537
GUARGU_97189,5.76134863701578,240,12,0.575911998748779,97189,7.80051399200457,65,Guarea guidonia,281,3211,21,0,5,NA,None,None,28.1,3.3357695763397
GUATDU_230878,1.44795955159302,275,13.75,0.313503980636597,230878,3.6926724137931,11,Guatteria dumetorum,332,605,23,25,75,NA,Light,Infested,33.2,3.502549875922443
GUATDU_235969,2.56228254957227,249,12.45,0.59798002243042,235969,5.60278909680738,11,Guatteria dumetorum,450,505,44,0,100,NA,None,None,45,3.8066624897703196
GUATDU_263687,3.39469604243166,392,19.6,0.217214107513428,263687,7.95116279069768,1,Guatteria dumetorum,225,21,32,25,95,NA,Light,Infested,22.5,3.1135153092103742
GUATDU_5631,2.05222343339482,198,9.9,0.347727060317993,5631,5.01463020717309,28,Guatteria dumetorum,633,1604,41,0,100,NA,None,None,63.3,4.147885329150131
GUATDU_92306,4.82786764705882,162,8.1,0.184676170349121,92306,6.31529003783102,65,Guatteria dumetorum,200,3311,32,10,100,NA,Light,Infested,20,2.995732273553991
GUAZUL_3116,2.25457117706237,267,13.35,0.331799030303955,3116,6.81825324621619,64,Guazuma ulmifolia,522,3223,43,20,100,NA,Light,Infested,52.2,3.955082494888593
GUAZUL_3557,2.2829774158857,434,21.7,1.12560701370239,3557,7.16408450704225,59,Guazuma ulmifolia,585,2912,24,80,25,NA,Heavy,Infested,58.5,4.069026754237811
GUAZUL_633191,2.85192340281308,338,16.9,0.579181909561157,633191,6.41242927651378,68,Guazuma ulmifolia,410,3315,23,0,100,NA,None,None,41,3.713572066704308
GUSTSU_104601,3.19750869565217,185,9.25,0.240434885025024,104601,5.89930986887509,64,Gustavia superba,207,3123,22,5,5,NA,Light,Infested,20.7,3.0301337002713233
GUSTSU_104694,2.77531492248062,240,12.25,0.172534942626953,104694,7.52266025641026,64,Gustavia superba,223,3123,43,100,100,NA,Heavy,Infested,22.3,3.104586678466073
GUSTSU_104815,3.68719073521671,236,11.8,0.297774791717529,104815,6.8311149825784,64,Gustavia superba,202,3124,21,45,100,NA,Light,Infested,20.2,3.005682604407159
GUSTSU_171070,1.54753193663771,120,6,0.0953900814056396,171070,5.1623034591195,36,Gustavia superba,212,1807,31,100,50,NA,Heavy,Infested,21.2,3.054001181677967
GUSTSU_1719,4.13736550005663,168,8.4,0.222805976867676,1719,6.52395061728395,77,Gustavia superba,313,4020,31,0,5,NA,None,None,31.3,3.4436180975461075
GUSTSU_22669,5.10578368999422,332,16.6,0.369271039962769,22669,6.96697498423376,94,Gustavia superba,202,4716,43,0,5,NA,None,None,20.2,3.005682604407159
GUSTSU_2499,4.7693108974359,174,8.7,0.25494384765625,2499,8.83837746952501,72,Gustavia superba,290,3513,23,80,100,NA,Heavy,Infested,29,3.367295829986474
GUSTSU_2502,4.27286518611198,172,8.8,0.167981147766113,2502,9.7393447642376,72,Gustavia superba,343,3512,23,100,100,NA,Heavy,Infested,34.3,3.535145354171894
GUSTSU_2685,5.11407722362675,252,12.65,0.554343938827515,2685,9.45820652173913,68,Gustavia superba,399,3415,21,35,95,NA,Light,Infested,39.9,3.686376323895818
GUSTSU_2693,3.7356555733761,251,12.55,0.178939819335938,2693,9.51844698462751,69,Gustavia superba,271,3417,12,100,100,NA,Heavy,Infested,27.1,3.299533727885655
GUSTSU_2698,3.15430036630037,175,8.75,0.104639053344727,2698,6.34450800915332,69,Gustavia superba,286,3417,42,5,100,broken crown,Light,Infested,28.6,3.353406717825807
GUSTSU_2835,4.82796281004374,270,13.5,0.488541841506958,2835,8.89875378100423,68,Gustavia superba,285,3315,14,90,25,NA,Heavy,Infested,28.5,3.349904087274605
GUSTSU_2841,4.38540140042338,244,12.2,0.315807104110718,2841,7.80944471584433,68,Gustavia superba,318,3314,22,100,100,NA,Heavy,Infested,31.8,3.459466289786131
GUSTSU_2860,3.9360396039604,185,9.25,0.170582056045532,2860,6.4316326530612304,65,Gustavia superba,245,3311,14,0,5,NA,None,None,24.5,3.1986731175506815
GUSTSU_3111,3.7664659440653,296,14.85,0.370789051055908,3111,8.70375,64,Gustavia superba,232,3223,22,5,25,NA,Light,Infested,23.2,3.1441522786722644
GUSTSU_3123,4.13703230423226,173,8.65,0.2328200340271,3123,8.36966156325544,64,Gustavia superba,262,3224,23,20,5,NA,Light,Infested,26.2,3.265759410767051
GUSTSU_3131,2.94762361346118,243,12.15,0.488815069198608,3131,6.18815359477124,64,Gustavia superba,319,3224,31,10,5,NA,Light,Infested,31.9,3.462606009790799
GUSTSU_3685,2.39769272628333,189,10.05,0.190378904342651,3685,6.2574623655914,58,Gustavia superba,245,2805,43,0,50,NA,None,None,24.5,3.1986731175506815
GUSTSU_3728,4.19437982501287,185,9.55,0.265797138214111,3728,6.33851732473812,59,Gustavia superba,258,2812,24,0,25,NA,None,None,25.8,3.250374491927572
GUSTSU_512,3.49031175059952,258,12.9,0.3157799243927,512,9.99142657586869,92,Gustavia superba,220,4604,42,0,90,NA,None,None,22,3.091042453358316
GUSTSU_5632,3.21551125478927,192,9.6,0.186784982681274,5632,5.90499058380414,28,Gustavia superba,215,1604,41,0,0,NA,None,None,21.5,3.068052935133617
GUSTSU_8206,4.29756318507111,244,12.2,0.294152021408081,8206,7.78960618593778,1,Gustavia superba,258,121,24,5,5,NA,Light,Infested,25.8,3.250374491927572
GUSTSU_99448,2.89878105954055,170,8.5,0.119683027267456,99448,6.6336875,64,Gustavia superba,222,3223,34,80,5,NA,Heavy,Infested,22.2,3.100092288878234
GUSTSU_99449,3.23183003528149,190,9.55,0.266110897064209,99449,5.94536585365854,64,Gustavia superba,215,3223,34,50,40,NA,Light,Infested,21.5,3.068052935133617
HEISCO_141568,5.23120839909422,221,11.05,0.714186906814575,141568,12.6138395297977,51,Heisteria concinna,266,2408,13,5,20,NA,Light,Infested,26.6,3.2809112157876537
HEISCO_147639,6.60577849117175,344,17.2,0.586719036102295,147639,14.6516133679055,49,Heisteria concinna,205,2316,32,85,50,NA,Heavy,Infested,20.5,3.0204248861443626
HEISCO_1721,2.7792270531401,49,2.45,0.0381419658660889,1721,2.87731481481481,77,Heisteria concinna,240,4020,32,0,5,broken crown,None,None,24,3.1780538303479458
HEISCO_1729,6.47445387143622,334,16.7,1.99504685401917,1729,10.2319621405169,77,Heisteria concinna,400,4021,32,5,5,NA,Light,Infested,40,3.6888794541139363
HEISCO_1982,10.8405894582365,367,18.45,3.53003001213074,1982,16.6241393178893,74,Heisteria concinna,293,3810,23,15,40,NA,Light,Infested,29.3,3.3775875160230218
HEISCO_1987,9.28096659824594,340,17.05,2.47726798057556,1987,13.6556497745474,74,Heisteria concinna,328,3811,24,0,5,NA,None,None,32.8,3.490428515390098
HEISCO_443,8.99986245938565,289,14.45,1.40257096290588,443,13.0068883042334,92,Heisteria concinna,298,4704,14,0,50,NA,None,None,29.8,3.3945083935113587
HEISCO_452,5.72358022519353,293,14.65,1.04414796829224,452,11.2128824071746,92,Heisteria concinna,267,4704,34,5,5,NA,Light,Infested,26.7,3.2846635654062037
HEISCO_5318,5.95092731229163,230,11.5,1.02653408050537,5318,9.28885047536733,36,Heisteria concinna,374,1808,41,5,25,NA,Light,Infested,37.4,3.6216707044204863
HEISCO_5324,5.47389390034364,167,8.35,0.460861921310425,5324,10.2474119415808,36,Heisteria concinna,283,1808,34,25,100,NA,Light,Infested,28.3,3.342861804649192
HEISCO_5539,8.47382576604786,289,14.45,2.24460697174072,5539,12.5357843137255,31,Heisteria concinna,290,1708,41,10,0,NA,Light,Infested,29,3.367295829986474
HEISCO_5648,7.30905555555556,241,12.05,0.98519492149353,5648,12.33892,31,Heisteria concinna,277,1607,12,50,50,NA,Light,Infested,27.7,3.3214324131932926
HEISCO_5651,10.1605595408895,236,11.8,1.29023504257202,5651,14.1986992176454,31,Heisteria concinna,266,1607,44,5,15,NA,Light,Infested,26.6,3.2809112157876537
HEISCO_57029,7.52207867195958,199,9.95,0.488049983978271,57029,10.8323959827834,77,Heisteria concinna,200,4020,34,5,5,NA,Light,Infested,20,2.995732273553991
HEISCO_58414,6.52127400182871,274,13.7,0.707881927490234,58414,8.2580829129195,77,Heisteria concinna,219,4021,13,0,5,NA,None,None,21.9,3.086486636822455
HEISCO_67050,5.1465102246061,186,9.3,0.471853017807007,67050,8.74430379746835,74,Heisteria concinna,200,3810,41,25,0,NA,Light,Infested,20,2.995732273553991
HEISCO_72143,7.37570518653321,307,15.4,0.735763072967529,72143,12.5801340282949,74,Heisteria concinna,205,3711,22,0,0,NA,None,None,20.5,3.0204248861443626
HEISCO_8212,3.66241044364839,254,12.7,0.293267011642456,8212,8.23958333333333,1,Heisteria concinna,389,120,24,0,50,NA,None,None,38.9,3.6609942506244004
HEISCO_82777,10.1964019189765,178,8.9,0.65537691116333,82777,13.8846962371242,69,Heisteria concinna,225,3517,23,5,5,NA,Light,Infested,22.5,3.1135153092103742
HIRTTR_112501,1.07662466024215,137,6.95,0.070518970489502,112501,4.88674463937622,59,Hirtella triandra,206,2913,13,100,90,NA,Heavy,Infested,20.6,3.0252910757955354
HIRTTR_112521,5.15957225433526,196,9.8,0.349078893661499,112521,8.75592105263158,59,Hirtella triandra,212,2913,14,10,50,NA,Light,Infested,21.2,3.054001181677967
HIRTTR_117329,4.02805452923939,267,13.35,0.313596963882446,117329,9.70928906773977,59,Hirtella triandra,250,2813,34,100,100,NA,Heavy,Infested,25,3.2188758248682006
HIRTTR_1286,6.371636262359,198,9.9,0.603605031967163,1286,8.61977190605239,82,Hirtella triandra,226,4215,24,5,0,NA,Light,Infested,22.6,3.1179499062782403
HIRTTR_18076,8.63885175968717,239,11.95,4.21898007392883,18076,10.5788562582098,82,Hirtella triandra,218,4215,13,0,5,NA,None,None,21.8,3.0819099697950434
HIRTTR_22798,6.56457676902537,291,14.55,0.874771118164062,22798,6.3929012345679,94,Hirtella triandra,251,4716,44,0,5,NA,None,None,25.1,3.2228678461377385
HIRTTR_2331,4.33867007672634,237,11.85,0.243981838226318,2331,9.11916969147006,72,Hirtella triandra,248,3612,33,25,100,NA,Light,Infested,24.8,3.2108436531709366
HIRTTR_25739,6.18189401532542,235,11.75,0.612457990646362,25739,9.59111340738827,92,Hirtella triandra,204,4604,11,0,10,NA,None,None,20.4,3.0155349008501706
HIRTTR_4516,2.12007173642648,233,11.65,0.229078054428101,4516,8.38086755349913,49,Hirtella triandra,301,2317,34,100,100,NA,Heavy,Infested,30.1,3.40452517175483
HIRTTR_4527,3.77554677714616,211,10.55,0.149623870849609,4527,10.2566666666667,49,Hirtella triandra,293,2316,21,25,50,NA,Light,Infested,29.3,3.3775875160230218
HIRTTR_6523,5.07009308510638,283,14.15,0.49055814743042,6523,10.1383815789474,20,Hirtella triandra,280,1115,34,100,100,NA,Heavy,Infested,28,3.332204510175204
HIRTTR_7599,5.56728212344721,300,15,0.827462911605835,7599,12.6248655913979,11,Hirtella triandra,329,506,11,5,80,NA,Light,Infested,32.9,3.493472657771326
HIRTTR_92372,8.42826213818861,276,13.8,0.892097949981689,92372,13.0499768839575,65,Hirtella triandra,220,3312,11,0,15,NA,None,None,22,3.091042453358316
HIRTTR_97320,8.16499792272539,207,10.35,0.599847078323364,97320,12.8427740863787,65,Hirtella triandra,212,3212,13,0,50,NA,None,None,21.2,3.054001181677967
HIRTTR_97348,4.43939013992678,191,9.55,0.248802900314331,97348,9.9010878164557,65,Hirtella triandra,247,3212,23,20,100,NA,Light,Infested,24.7,3.2068032436339315
HURACR_2838,1.5065357273872,291,14.55,0.441912889480591,2838,5.51722061657033,68,Hura crepitans,595,3314,13,100,100,NA,Heavy,Infested,59.5,4.085976312551584
HURACR_439,1.85643582438454,313,15.65,0.347126960754395,439,13.9662794944846,92,Hura crepitans,682,4705,31,100,100,NA,Heavy,Infested,68.2,4.222444564849416
HURACR_507,1.93879310344828,361,18.1,0.514531135559082,507,11.5006861063465,92,Hura crepitans,738,4604,44,100,60,NA,Heavy,Infested,73.8,4.301358731606427
HURACR_522,1.67413934216584,375,18.75,0.326093912124634,522,8.75461000205804,92,Hura crepitans,404,4605,21,100,100,NA,Heavy,Infested,40.4,3.6988297849671046
INGAMA_159457,3.53361772954837,421,21.05,1.01639103889465,159457,7.5282319983399,58,Inga marginata,302,2906,43,0,10,NA,None,None,30.2,3.407841924380824
INGAMA_433296,3.58409628044266,335,16.75,1.39629220962524,433296,6.47663217691215,65,Inga marginata,380,3312,24,0,100,NA,None,None,38,3.6375861597263857
INGAPU_434238,1.12018125552608,133,6.75,0.0960609912872314,434238,6.68730677764566,69,Inga punctata,298,3417,11,100,100,NA,Heavy,Infested,29.8,3.3945083935113587
JAC1CO_180870,0.961374795417349,153,7.65,0.157130002975464,180870,2.51990436768484,28,Jacaranda copaia,498,1604,24,5,100,NA,Light,Infested,49.8,3.9080149840306073
JAC1CO_180904,1.06245306248076,166,8.3,0.14615797996521,180904,2.54441618217054,28,Jacaranda copaia,405,1604,21,0,100,NA,None,None,40.5,3.7013019741124933
JAC1CO_180910,1.40880076421888,244,12.2,0.225855112075806,180910,4.17088719153937,28,Jacaranda copaia,389,1604,21,0,100,NA,None,None,38.9,3.6609942506244004
JAC1CO_181416,2.55823371448371,254,12.85,0.498285055160522,181416,4.9022493831411,31,Jacaranda copaia,555,1607,24,0,100,NA,None,None,55.5,4.0163830207523885
JAC1CO_185937,1.82079494448382,195,9.9,0.26797890663147,185937,3.50559772296015,28,Jacaranda copaia,462,1504,24,0,100,NA,None,None,46.2,3.832979798087693
JAC1CO_206350,1.77828296703297,183,9.15,0.246216058731079,206350,3.3415394824154,19,Jacaranda copaia,574,1108,13,0,100,NA,None,None,57.4,4.050044303325521
JAC1CO_206389,0.824402173913044,349,17.45,0.180322170257568,206389,1.68494623655914,19,Jacaranda copaia,292,1108,23,0,100,NA,None,None,29.2,3.374168709274236
JAC1CO_3562,1.73254937662797,209,10.45,0.324710130691528,3562,2.87514014014014,59,Jacaranda copaia,550,2912,34,0,100,NA,None,None,55,4.007333185232471
JAC1CO_5885,0.950170114942529,252,12.6,0.285808086395264,5885,2.2959065679926,28,Jacaranda copaia,688,1505,42,0,100,NA,None,None,68.8,4.231203744939298
JAC1CO_633223,1.81078538314699,268,13.4,0.232989072799683,633223,4.16067439862543,68,Jacaranda copaia,230,3315,33,0,5,NA,None,None,23,3.1354942159291497
JAC1CO_832305,1.8731510811183,154,7.75,0.11256217956543,832305,3.35985780694558,65,Jacaranda copaia,229,3211,34,0,100,NA,None,None,22.9,3.131136910560194
LACMPA_25783,3.26891722930733,144,7.2,0.134406805038452,25783,8.46631696428572,92,Lacmellea panamensis,243,4604,14,95,75,NA,Heavy,Infested,24.3,3.190476350346503
LACMPA_66921,5.27960390946502,207,10.35,0.554840087890625,66921,8.83907894736842,74,Lacmellea panamensis,282,3810,14,0,0,NA,None,None,28.2,3.339321977944068
LACMPA_82087,6.46697886448405,205,10.25,0.220898866653442,82087,16.3721031746032,72,Lacmellea panamensis,254,3512,31,95,100,NA,Heavy,Infested,25.4,3.2347491740244907
LAETPR_416230,2.45488241808351,290,14.5,0.986875772476196,416230,4.43825555555556,31,Laetia procera,386,1607,23,0,100,NA,None,None,38.6,3.653252276470785
LINDLA_5640,8.431798438877,420,21,0.964939117431641,5640,17.481213622291,28,Lindackeria laurina,321,1605,21,5,0,NA,Light,Infested,32.1,3.4688560301359703
LONCLA_192153,1.29966253365184,275,13.8,0.17944598197937,192153,2.76194756554307,24,Lonchocarpus heptaphyllus,273,1411,34,0,100,NA,None,None,27.3,3.3068867021909143
LONCLA_5654,1.83662264040676,192,9.6,0.162122011184692,5654,3.02689393939394,31,Lonchocarpus heptaphyllus,442,1608,13,0,100,NA,None,None,44.2,3.7887247890836524
LONCLA_6192,1.20958007981954,329,16.45,0.254696846008301,6192,1.822883422758,24,Lonchocarpus heptaphyllus,478,1310,23,0,100,NA,None,None,47.8,3.86702563949741
LONCLA_64185,3.86240740740741,223,11.15,0.323362827301025,64185,5.17777777777778,77,Lonchocarpus heptaphyllus,341,3921,32,0,100,NA,None,None,34.1,3.529297384289471
LUEHSE_1293,3.12918580926024,390,19.7,2.02152609825134,1293,6.1808850678733,82,Luehea seemannii,1161,4215,22,0,100,NA,None,None,116.1,4.754451888703846
LUEHSE_3028,2.4831499272198,307,15.45,0.387048006057739,3028,5.36405540592536,65,Luehea seemannii,403,3211,11,0,10,NA,None,None,40.3,3.696351468952637
LUEHSE_520,1.64161749872186,375,18.75,0.431913137435913,520,10.5350217864924,92,Luehea seemannii,810,4605,32,100,100,NA,Heavy,Infested,81,4.394449154672439
LUEHSE_67242,2.41577380952381,242,12.1,0.29981803894043,67242,3.21058823529412,74,Luehea seemannii,202,3811,14,5,0,NA,Light,Infested,20.2,3.005682604407159
MACRGL_3613,8.29244930476747,476,23.8,4.01824116706848,3613,12.3391107244253,58,Macrocnemum roseum,579,2905,32,0,5,NA,None,None,57.9,4.05871738457895
MACRGL_42275,7.59393733630808,366,18.3,1.00724816322327,42275,8.46127877237852,82,Macrocnemum roseum,364,4314,23,0,5,NA,None,None,36.4,3.594568774642695
MICOAR_435304,3.67105426036724,234,11.7,0.238500118255615,435304,7.63390852390853,69,Miconia argentea,216,3516,22,25,95,NA,Light,Infested,21.6,3.0726933146901194
OCOTCE_206437,5.76205973513666,205,10.25,0.407876014709473,206437,8.65353633217993,19,Ocotea cernua,275,1108,34,0,85,NA,None,None,27.5,3.3141860046725258
OCOTCE_207696,5.90718868973778,232,11.8,1.29310894012451,207696,9.02577763953075,20,Ocotea cernua,289,1114,22,0,5,NA,None,None,28.9,3.3638415951183864
OCOTOB_539281,6.35628059161524,372,18.6,1.59904408454895,539281,8.23841242817621,77,Ocotea oblonga,372,3921,31,0,100,NA,None,None,37.2,3.616308761279101
OCOTWH_3609,3.78717194570136,350,17.55,1.30397319793701,3609,6.06425684777728,58,Ocotea whitei,209,2905,23,0,90,NA,None,None,20.9,3.039749158970765
OCOTWH_3609,3.78717194570136,350,17.55,1.30397319793701,3609,6.06425684777728,58,Ocotea whitei,550,2905,23,0,100,NA,None,None,55,4.007333185232471
ORMOCR_3122,1.49690556123194,264,13.2,0.517022848129272,3122,2.90872246952373,64,Ormosia coccinea,542,3224,23,0,100,NA,None,None,54.2,3.9926809084456005
ORMOMA_2858,1.92853400411855,306,15.3,0.438632965087891,2858,5.04955624355005,65,Ormosia macrocalyx,765,3312,42,50,100,NA,Light,Infested,76.5,4.33729074083249
PLA1PI_1986,0.708137029485344,509,25.45,0.350605964660645,1986,5.47794234932209,74,Platymiscium pinnatum,348,3811,14,0,5,NA,None,None,34.8,3.5496173867804286
PLA1PI_3742,3.06264219665782,372,18.75,0.731189012527466,3742,7.74849745242799,59,Platymiscium pinnatum,542,2813,31,0,100,NA,None,None,54.2,3.9926809084456005
PLA1PI_5633,0.869700015937036,360,18,0.3074951171875,5633,3.61128921568627,28,Platymiscium pinnatum,468,1604,42,0,100,NA,None,None,46.8,3.845883202923601
PLA1PI_5988,1.02930831769856,558,27.9,0.317801952362061,5988,2.77311578096585,24,Platymiscium pinnatum,609,1410,11,0,100,no leaves,None,None,60.9,4.109233174715851
POSOLA_171064,3.7970013477089,95,4.75,0.0684981346130371,171064,6.58595146871009,36,Posoqueria latifolia,279,1807,21,5,50,NA,Light,Infested,27.9,3.32862668882732
POULAR_1280,3.59572786714269,314,15.7,0.564225912094116,1280,5.17910760309278,82,Poulsenia armata,363,4214,44,0,100,NA,None,None,36.3,3.591817741270805
POULAR_28494,1.35639926415032,300,15,0.266382932662964,28494,3.61884892086331,94,Poulsenia armata,470,4617,42,20,100,NA,Light,Infested,47,3.8501476017100584
POULAR_34060,3.6219436369509,429,21.45,0.467337846755981,34060,6.64379064234734,91,Poulsenia armata,251,4520,23,0,5,NA,None,None,25.1,3.2228678461377385
POULAR_363,1.77032892564856,401,20.1,0.397679090499878,363,4.03644196305487,94,Poulsenia armata,568,4716,14,0,100,NA,None,None,56.8,4.039536325727106
POULAR_42250,6.7497112704102,203,10.15,0.23661208152771,42250,7.09763965381589,82,Poulsenia armata,232,4314,13,90,5,NA,Heavy,Infested,23.2,3.1441522786722644
POULAR_674,3.52889474840694,446,22.3,0.444523811340332,674,6.53616760168303,91,Poulsenia armata,323,4521,22,0,10,NA,None,None,32.3,3.475067230228611
POULAR_675,4.6646742618742,332,16.6,0.637692928314209,675,5.69512195121951,91,Poulsenia armata,285,4521,22,15,5,NA,Light,Infested,28.5,3.349904087274605
POURBI_400788,2.80576085593681,284,14.35,0.954845905303955,400788,6.00960451977401,1,Pourouma bicolor,467,20,32,0,100,NA,None,None,46.7,3.8437441646748516
POURBI_706056,2.50791056910569,123,6.15,0.0970699787139893,706056,4.92004357298475,11,Pourouma bicolor,209,606,44,15,100,NA,Light,Infested,20.9,3.039749158970765
POUTFO_4520,3.52859084430006,499,24.95,1.27521395683289,4520,7.35260884739552,49,Pouteria fossicola,452,2317,21,0,5,NA,None,None,45.2,3.8110970868381857
POUTRE_176101,2.13720554502842,286,14.35,0.33123517036438,176101,6.84551707779886,31,Pouteria reticulata,273,1707,13,25,50,NA,Light,Infested,27.3,3.3068867021909143
POUTRE_186009,7.52417747046961,275,13.75,0.707751989364624,186009,15.0631710362047,28,Pouteria reticulata,260,1504,33,5,0,NA,Light,Infested,26,3.258096538021482
POUTRE_192165,2.79294006159678,212,10.6,0.564558982849121,192165,4.76169880145909,24,Pouteria reticulata,234,1411,44,20,0,NA,Light,Infested,23.4,3.152736022363656
POUTRE_207820,5.83688318929468,268,13.45,0.717108011245728,207820,9.47695704536331,20,Pouteria reticulata,308,1115,22,100,100,NA,Heavy,Infested,30.8,3.427514689979529
POUTRE_211500,5.91849875915647,357,17.85,1.9736020565033,211500,12.5403666666667,19,Pouteria reticulata,385,1008,32,0,95,NA,None,None,38.5,3.6506582412937387
POUTRE_25960,1.14910714285714,165,8.25,0.135118007659912,25960,5.82354307432432,92,Pouteria reticulata,269,4605,12,100,100,NA,Heavy,Infested,26.9,3.292126286607793
POUTRE_3556,4.70868039903573,372,18.6,1.22304487228394,3556,7.92367521367521,59,Pouteria reticulata,380,2913,33,0,90,NA,None,None,38,3.6375861597263857
POUTRE_5542,3.64000041617246,268,13.7,0.499487161636353,5542,10.9626226804124,31,Pouteria reticulata,574,1707,24,100,100,NA,Heavy,Infested,57.4,4.050044303325521
POUTRE_5949,2.72056585414536,392,19.6,0.76412296295166,5949,6.08386274509804,23,Pouteria reticulata,445,1404,24,0,100,NA,None,None,44.5,3.7954891891721947
POUTRE_6714,4.521910026687,310,15.5,0.743312835693359,6714,8.82649804275821,19,Pouteria reticulata,310,1008,12,20,80,NA,Light,Infested,31,3.4339872044851463
POUTRE_72077,4.10033817919373,267,13.35,1.75826287269592,72077,7.19255310457516,74,Pouteria reticulata,335,3710,41,0,100,NA,None,None,33.5,3.5115454388310208
POUTRE_87545,4.29557516000692,185,9.25,0.783291816711426,87545,7.61121450234354,68,Pouteria reticulata,249,3414,34,50,100,NA,Light,Infested,24.9,3.214867803470662
POUTST_180965,6.61301881647123,245,12.25,0.697425127029419,180965,10.7281931633207,28,Pouteria stipitata,241,1604,44,100,100,NA,Heavy,Infested,24.1,3.1822118404966093
POUTST_186066,6.5953263546798,202,10.1,0.72160816192627,186066,10.6128217821782,28,Pouteria stipitata,205,1505,11,0,50,NA,None,None,20.5,3.0204248861443626
PRI2CO_146718,2.9397181088314,348,17.95,0.750553846359253,146718,5.41081226465842,51,Prioria copaifera,531,2309,44,0,100,NA,None,None,53.1,3.9721769282478934
PRI2CO_180919,10.7672210451977,299,14.95,1.18394303321838,180919,18.6147038424192,28,Prioria copaifera,211,1604,22,5,5,NA,Light,Infested,21.1,3.0492730404820207
PRI2CO_181632,3.48253968253968,157,7.85,0.238193035125732,181632,5.9921926910299,31,Prioria copaifera,221,1608,22,100,45,NA,Heavy,Infested,22.1,3.095577608523707
PRI2CO_192034,5.09602814885496,231,11.55,0.266717910766602,192034,7.47573084677419,24,Prioria copaifera,254,1411,13,100,100,NA,Heavy,Infested,25.4,3.2347491740244907
PRI2CO_206247,2.64201052340072,373,18.65,0.260357856750488,206247,14.9713813979086,19,Prioria copaifera,399,1107,33,100,95,NA,Heavy,Infested,39.9,3.686376323895818
PRI2CO_2471,4.49221154341001,605,30.25,3.19539308547974,2471,13.4491168164313,69,Prioria copaifera,1097,3516,32,100,100,NA,Heavy,Infested,109.7,4.697749367281185
PRI2CO_42366,12.2607241142071,339,16.95,1.41906809806824,42366,13.1691729323308,82,Prioria copaifera,219,4315,13,0,5,NA,None,None,21.9,3.086486636822455
PRI2CO_4350,7.37217088260631,496,24.9,5.83165907859802,4350,13.8720536179073,51,Prioria copaifera,947,2408,11,30,100,NA,Light,Infested,94.7,4.550714000192032
PRI2CO_5215,5.26377933944013,540,27.05,3.60327196121216,5215,11.1969646338067,36,Prioria copaifera,1230,1908,22,20,100,NA,Light,Infested,123,4.812184355372417
PRI2CO_5319,4.79064197471519,439,22,1.30230712890625,5319,10.395403241366,36,Prioria copaifera,676,1808,42,25,50,NA,Light,Infested,67.6,4.213607983048918
PRI2CO_5537,7.01186435419317,429,21.45,0.750944137573242,5537,18.4337052759248,31,Prioria copaifera,412,1708,44,100,20,NA,Heavy,Infested,41.2,3.7184382563554808
PRI2CO_5655,5.45781512605042,233,11.7,0.613132953643799,5655,8.62900153609831,31,Prioria copaifera,840,1608,14,0,100,broken crown,None,None,84,4.430816798843313
PRI2CO_5943,2.89492849946237,290,14.6,0.870589017868042,5943,6.029,23,Prioria copaifera,1043,1404,31,80,100,NA,Heavy,Infested,104.3,4.647271362006727
PRI2CO_5953,6.2434279545818,469,23.45,2.96618914604187,5953,13.2289400012725,23,Prioria copaifera,919,1405,23,20,100,NA,Light,Infested,91.9,4.520701029361642
PRI2CO_5993,6.69073908155019,401,20.05,2.33527398109436,5993,10.411775,24,Prioria copaifera,695,1411,13,10,100,sub:correcto(1,Light,Infested,69.5,4.241326752570746
PRI2CO_6559,5.67305399048192,313,15.7,0.606521129608154,6559,11.0387770645196,19,Prioria copaifera,660,1108,41,0,100,broken crown,None,None,66,4.189654742026425
PRI2CO_7344,4.77965723855196,565,28.25,3.61561584472656,7344,10.6589071417721,11,Prioria copaifera,1120,605,43,0,100,NA,None,None,112,4.718498871295094
PRI2CO_7594,2.92674798309643,383,19.2,0.819598913192749,7594,9.33095298281092,11,Prioria copaifera,661,506,44,90,100,NA,Heavy,Infested,66.1,4.191168746857641
PRI2CO_77147,7.7296372191864,272,13.6,0.768165826797485,77147,13.4265157558835,72,Prioria copaifera,391,3613,11,10,100,NA,Light,Infested,39.1,3.66612246699132
PRI2CO_87926,4.54013133208255,119,5.95,0.0846240520477295,87926,7.35289634146342,69,Prioria copaifera,219,3416,43,5,100,broken crown,Light,Infested,21.9,3.086486636822455
PRI2CO_93156,6.17711783242709,290,14.5,1.16570496559143,93156,10.6301815382642,68,Prioria copaifera,350,3315,31,80,70,NA,Heavy,Infested,35,3.5553480614894135
PROTCO_44694,3.78677294269711,155,7.75,0.228906869888306,44694,6.75164333536214,68,Protium costaricense,209,3315,23,0,0,NA,None,None,20.9,3.039749158970765
PROTPA_29289,4.0493509836367,185,9.25,0.478579044342041,29289,0.536837606837607,91,Protium panamense,214,4621,34,90,25,NA,Heavy,Infested,21.4,3.0633909220278057
PROTTE_152470,3.98553801169591,247,12.35,0.538461923599243,152470,7.92675438596491,49,Protium tenuifolium,249,2216,41,50,50,NA,Light,Infested,24.9,3.214867803470662
PROTTE_190925,7.92764715527136,246,12.3,1.49819016456604,190925,11.5828682374622,23,Protium tenuifolium,286,1404,32,20,0,NA,Light,Infested,28.6,3.353406717825807
PROTTE_206404,4.52156636913331,365,18.25,0.603461980819702,206404,11.2197975253093,19,Protium tenuifolium,264,1108,22,5,5,NA,Light,Infested,26.4,3.2733640101522705
PROTTE_207942,2.19891358024691,125,6.25,0.0808470249176025,207942,3.91165432098765,20,Protium tenuifolium,252,1115,44,100,100,broken crown,Heavy,Infested,25.2,3.2268439945173775
PROTTE_263544,6.36119197180941,293,14.65,0.282081842422485,263544,13.0240133576199,1,Protium tenuifolium,216,20,44,5,5,NA,Light,Infested,21.6,3.0726933146901194
PROTTE_28045,2.86970453599667,230,11.5,0.236258029937744,28045,4.88205882352941,94,Protium tenuifolium,203,4616,14,0,100,NA,None,None,20.3,3.0106208860477417
PROTTE_28280,3.49661283838113,236,11.85,0.507055997848511,28280,6.51557529162248,94,Protium tenuifolium,254,4617,24,0,50,NA,None,None,25.4,3.2347491740244907
PROTTE_34186,4.75581632653061,260,13,0.742518186569214,34186,6.98695966720926,91,Protium tenuifolium,214,4520,41,0,100,NA,None,None,21.4,3.0633909220278057
PROTTE_3604,3.77619490829455,347,17.4,1.09411883354187,3604,7.22831423895254,58,Protium tenuifolium,300,2906,32,0,20,NA,None,None,30,3.4011973816621555
PROTTE_39422,6.26118981481482,261,13.2,0.855772018432617,39422,3.1804347826087,82,Protium tenuifolium,224,4314,41,0,5,NA,None,None,22.4,3.109060958860994
PROTTE_441,2.4988031071655,124,6.2,0.104540109634399,441,6.73791291291291,92,Protium tenuifolium,239,4705,42,5,5,NA,Light,Infested,23.9,3.173878458937465
PROTTE_4731,0.462457757296467,273,14.8,0.369237899780273,4731,4.52993421052632,49,Protium tenuifolium,259,2216,11,100,95,NA,Heavy,Infested,25.9,3.254242968705492
PROTTE_584,4.16494140908959,385,19.25,1.00119781494141,584,7.62609770114943,94,Protium tenuifolium,405,4616,11,5,5,NA,Light,Infested,40.5,3.7013019741124933
PROTTE_672,5.93409103760249,317,15.85,1.52033495903015,672,9.05433418150976,91,Protium tenuifolium,315,4521,32,0,25,NA,None,None,31.5,3.449987545831587
PSE1SE_3124,0.388429882874327,275,13.75,0.204184055328369,3124,0.728088861838101,64,Pseudobombax septenatum,755,3224,14,0,100,NA,None,None,75.5,4.324132656254979
PSIDIU_2840,4.07746652301062,225,11.25,0.372925996780396,2840,9.047728026534,68,Psidium friedrichsthalianum,230,3314,11,100,100,NA,Heavy,Infested,23,3.1354942159291497
QUARAS_104535,2.97070874861573,167,8.4,0.188030004501343,104535,6.64686390532544,64,Quararibea asterolepis,205,3123,12,100,100,NA,Heavy,Infested,20.5,3.0204248861443626
QUARAS_1072,4.18297087226191,358,17.9,0.991240978240967,1072,4.67136933987998,82,Quararibea asterolepis,420,4315,42,50,90,NA,Light,Infested,42,3.7376696182833684
QUARAS_117057,5.72959455854895,226,11.3,0.331892013549805,117057,9.14705574912892,59,Quararibea asterolepis,200,2812,11,0,100,NA,None,None,20,2.995732273553991
QUARAS_1292,4.40732432432432,251,12.55,0.489621877670288,1292,4.4925179400591,82,Quararibea asterolepis,407,4215,31,0,100,NA,None,None,40.7,3.7062280924485496
QUARAS_141879,7.51449923106498,266,13.3,0.487444877624512,141879,11.1134453781513,51,Quararibea asterolepis,286,2409,31,90,80,NA,Heavy,Infested,28.6,3.353406717825807
QUARAS_146465,4.85967287084038,349,17.45,0.675792932510376,146465,11.2123456790123,51,Quararibea asterolepis,310,2308,34,80,100,NA,Heavy,Infested,31,3.4339872044851463
QUARAS_171109,6.10792075163399,277,13.85,0.693458080291748,171109,11.1409171075838,36,Quararibea asterolepis,342,1807,34,5,90,NA,Light,Infested,34.2,3.5322256440685598
QUARAS_1728,4.39127698893541,254,12.7,0.543025016784668,1728,6.55616717635066,77,Quararibea asterolepis,452,4021,32,0,100,NA,None,None,45.2,3.8110970868381857
QUARAS_185883,7.00668016194332,170,9.55,0.484509944915771,185883,10.1125450612833,28,Quararibea asterolepis,205,1504,12,5,0,NA,Light,Infested,20.5,3.0204248861443626
QUARAS_197469,8.82928971834837,308,15.4,0.787667036056519,197469,15.526164874552,23,Quararibea asterolepis,281,1305,41,100,100,NA,Heavy,Infested,28.1,3.3357695763397
QUARAS_1979,3.57336157600072,212,10.6,0.714444875717163,1979,4.81482238384324,74,Quararibea asterolepis,540,3810,43,0,100,NA,None,None,54,3.9889840465642745
QUARAS_1983,4.79077981415884,241,12.3,0.255125999450684,1983,5.97295546558705,74,Quararibea asterolepis,440,3810,34,0,100,broken crown,None,None,44,3.784189633918261
QUARAS_1985,3.27975911676146,283,14.25,0.47078800201416,1985,6.4765306122449,74,Quararibea asterolepis,435,3810,32,85,100,NA,Heavy,Infested,43.5,3.7727609380946383
QUARAS_2176,5.35065378745838,410,20.5,1.68186616897583,2176,10.2665406816932,74,Quararibea asterolepis,382,3711,44,0,5,NA,None,None,38.2,3.6428355156125294
QUARAS_2337,5.43790160947464,273,13.65,0.500335931777954,2337,8.20137395459976,72,Quararibea asterolepis,508,3613,14,0,100,NA,None,None,50.8,3.927896354584436
QUARAS_235889,5.80169413919414,323,16.15,0.436968088150024,235889,10.765678119349,11,Quararibea asterolepis,226,505,24,75,90,NA,Heavy,Infested,22.6,3.1179499062782403
QUARAS_263425,9.29119072825542,272,13.6,0.515542984008789,263425,10.9734299516908,1,Quararibea asterolepis,220,20,14,0,0,NA,None,None,22,3.091042453358316
QUARAS_28236,3.56850244167119,223,11.15,0.636460065841675,28236,5.479911634757,94,Quararibea asterolepis,352,4617,13,50,100,NA,Light,Infested,35.2,3.5610460826040513
QUARAS_34303,4.03707865168539,155,7.75,0.139696836471558,34303,2.16845588235294,91,Quararibea asterolepis,221,4521,32,0,5,broken crown,None,None,22.1,3.095577608523707
QUARAS_360,1.92872037914692,253,12.65,0.241199970245361,360,1.86416122004357,94,Quararibea asterolepis,454,4717,21,0,100,NA,None,None,45.4,3.8155121050473024
QUARAS_361,6.94491379460325,387,19.35,1.29735684394836,361,5.09126315789474,94,Quararibea asterolepis,818,4717,31,0,100,NA,None,None,81.8,4.404277243608702
QUARAS_366,4.54571554770318,364,18.4,1.56224298477173,366,4.03021256372591,94,Quararibea asterolepis,804,4716,32,0,100,NA,None,None,80.4,4.387014176184921
QUARAS_3679,8.31313628899836,367,18.35,0.745337963104248,3679,10.659934318555,58,Quararibea asterolepis,408,2805,11,0,100,NA,None,None,40.8,3.708682081410116
QUARAS_3680,7.71643115346697,364,18.25,0.874295949935913,3680,8.86605200945626,58,Quararibea asterolepis,390,2805,22,0,100,NA,None,None,39,3.6635616461296463
QUARAS_3735,7.34012477028726,389,19.45,1.56968784332275,3735,10.5240041928721,59,Quararibea asterolepis,391,2812,32,0,20,NA,None,None,39.1,3.66612246699132
QUARAS_3738,7.13998135398738,332,16.6,1.11381411552429,3738,11.7004139309164,59,Quararibea asterolepis,758,2813,42,80,100,NA,Heavy,Infested,75.8,4.328098292648326
QUARAS_3744,6.74473684210526,248,12.4,0.333055973052979,3744,11.2120051914341,59,Quararibea asterolepis,345,2813,21,90,100,NA,Heavy,Infested,34.5,3.5409593240373143
QUARAS_4352,2.45713785046729,176,8.8,0.10704493522644,4352,6.6387037037037,51,Quararibea asterolepis,487,2408,42,100,100,broken crown,Heavy,Infested,48.7,3.885679030088544
QUARAS_445,2.28405420991926,185,9.3,0.203021049499512,445,13.9141287128713,92,Quararibea asterolepis,500,4704,41,0,100,NA,None,None,50,3.912023005428146
QUARAS_4521,5.19731897769368,379,19.15,1.48869299888611,4521,8.91214662447257,49,Quararibea asterolepis,510,2317,21,0,100,sub:correcto(1,None,None,51,3.9318256327243257
QUARAS_518,3.24548592826634,207,11.8,0.411868810653687,518,7.64589160839161,92,Quararibea asterolepis,436,4605,33,0,20,NA,None,None,43.6,3.775057150354989
QUARAS_5317,4.8251995846044,236,11.85,0.39306902885437,5317,9.86748216106014,36,Quararibea asterolepis,294,1807,24,20,5,NA,Light,Infested,29.4,3.380994674344636
QUARAS_5636,4.61967858730865,304,15.25,0.448575973510742,5636,10.3176440849343,28,Quararibea asterolepis,393,1604,14,100,100,NA,Heavy,Infested,39.3,3.6712245188752153
QUARAS_56933,2.27037440930571,137,6.85,0.110781192779541,56933,5.43783068783069,77,Quararibea asterolepis,268,4020,11,100,100,NA,Heavy,Infested,26.8,3.288401887516811
QUARAS_56970,7.19642300194932,258,12.9,0.787518978118896,56970,9.40455848623853,77,Quararibea asterolepis,328,4020,24,0,100,NA,None,None,32.8,3.490428515390098
QUARAS_57057,4.80898607206747,422,21.1,0.633200883865356,57057,10.3188905547226,77,Quararibea asterolepis,291,4020,42,0,5,NA,None,None,29.1,3.370738174177447
QUARAS_57063,2.50927103973303,250,12.85,0.316236972808838,57063,4.36500410509031,77,Quararibea asterolepis,345,4020,41,0,100,NA,None,None,34.5,3.5409593240373143
QUARAS_5896,4.32261217948718,230,11.5,0.525209903717041,5896,8.01194805194805,28,Quararibea asterolepis,720,1504,12,0,100,NA,None,None,72,4.276666119016055
QUARAS_591,4.74893490495912,308,15.4,0.829276084899902,591,6.86004926945294,94,Quararibea asterolepis,503,4616,11,0,5,broken crown,None,None,50.3,3.9180050771056933
QUARAS_5945,4.51211111111111,315,16,0.971119165420532,5945,8.86915542228886,23,Quararibea asterolepis,626,1404,13,50,100,NA,Light,Infested,62.6,4.136765278106052
QUARAS_612,7.13865616539503,382,19.15,1.55898189544678,612,9.8641149870801,91,Quararibea asterolepis,542,4620,24,0,100,NA,None,None,54.2,3.9926809084456005
QUARAS_6562,3.94413793103448,242,12.1,0.277661085128784,6562,7.72620481927711,19,Quararibea asterolepis,398,1107,43,0,100,NA,None,None,39.8,3.6838669122903918
QUARAS_6712,2.79871908933297,194,9.7,0.514949083328247,6712,5.1364338970722,19,Quararibea asterolepis,566,1008,22,0,100,NA,None,None,56.6,4.036008985209137
QUARAS_67240,3.46073187895848,318,15.9,0.727146148681641,67240,6.29711505633322,74,Quararibea asterolepis,370,3811,13,0,0,NA,None,None,37,3.6109179126442243
QUARAS_6752,6.17362747916068,329,16.5,1.15495681762695,6752,9.83002977212871,20,Quararibea asterolepis,583,1015,32,0,100,NA,None,None,58.3,4.065602093356446
QUARAS_72086,3.561802054155,214,10.75,0.209183931350708,72086,5.17987927565392,74,Quararibea asterolepis,322,3711,11,0,100,NA,None,None,32.2,3.4719664525503626
QUARAS_8515,4.17054348242689,274,13.7,0.592254877090454,8515,7.40326233688316,1,Quararibea asterolepis,388,21,32,0,100,NA,None,None,38.8,3.6584202466292277
QUARAS_92320,2.34396778806352,225,11.3,0.295584201812744,92320,4.70380177514793,65,Quararibea asterolepis,432,3311,33,50,80,NA,Light,Infested,43.2,3.765840495250065
QUARAS_97226,6.03509893455099,303,15.15,0.844605922698975,97226,8.63728180563449,65,Quararibea asterolepis,390,3211,33,0,100,NA,None,None,39,3.6635616461296463
SIMAAM_190910,1.60948329528948,181,9.05,0.100167989730835,190910,4.93683760683761,23,Simarouba amara,277,1404,31,0,100,NA,None,None,27.7,3.3214324131932926
SIMAAM_191155,4.52194010416667,354,17.7,0.332560062408447,191155,11.603125,23,Simarouba amara,235,1405,41,0,100,NA,None,None,23.5,3.1570004211501135
SIMAAM_211309,2.70494631226897,191,9.65,0.399118900299072,211309,5.59430551181102,19,Simarouba amara,456,1007,32,0,100,NA,None,None,45.6,3.8199077165203406
SIMAAM_212914,6.36746438746439,249,12.45,0.589315891265869,212914,9.19150401836969,20,Simarouba amara,217,1014,41,5,0,NA,Light,Infested,21.7,3.077312260546414
SIMAAM_519112,5.28856456043956,234,11.7,0.490546941757202,519112,10.7255494505495,36,Simarouba amara,264,1908,34,5,5,NA,Light,Infested,26.4,3.2733640101522705
SIMAAM_64105,3.28215017516029,358,17.9,0.646116971969604,64105,6.08692630474692,77,Simarouba amara,417,3921,23,0,100,NA,None,None,41.7,3.730501128804756
SIMAAM_6747,4.1974126984127,397,19.85,2.2236762046814,6747,7.51268115942029,20,Simarouba amara,635,1014,42,0,5,NA,None,None,63.5,4.151039905898646
SIMAAM_87724,5.12291666666667,141,7.05,0.0880160331726074,87724,7.24330357142857,68,Simarouba amara,255,3415,34,10,100,NA,Light,Infested,25.5,3.2386784521643803
SLOATE_2175,7.41550582095544,324,16.2,0.355737924575806,2175,8.52033179012346,74,Sloanea terniflora,225,3711,44,0,0,NA,None,None,22.5,3.1135153092103742
SLOATE_511,8.21451612903226,254,12.7,0.857229948043823,511,11.9796875,92,Sloanea terniflora,380,4604,42,0,100,crown pratly broken,None,None,38,3.6375861597263857
SPONMO_181499,0.712484979973298,330,16.55,0.305497884750366,181499,2.94972443355787,31,Spondias mombin,520,1607,33,0,100,NA,None,None,52,3.9512437185814275
SPONRA_449,0.317364058755005,224,11.2,0.139307022094727,449,9.82252469135803,92,Spondias radlkoferi,595,4704,43,100,100,NA,Heavy,Infested,59.5,4.085976312551584
STERAP_186116,2.23900480757498,194,9.7,0.270272016525269,186116,4.14208860759494,28,Sterculia apetala,375,1505,24,0,100,NA,None,None,37.5,3.624340932976365
SWARS1_116119,1.76562057440662,152,7.6,0.120200872421265,116119,6.67415178571429,58,Swartzia simplex,205,2806,42,100,100,NA,Heavy,Infested,20.5,3.0204248861443626
SWARS1_13149,6.44096385542169,122,6.1,0.164114952087402,13149,9.42584325396825,64,Swartzia simplex,226,3123,34,5,20,NA,Light,Infested,22.6,3.1179499062782403
SWARS1_171240,4.78141762452107,231,11.55,0.503363132476807,171240,10.8012063275293,36,Swartzia simplex,213,1808,23,100,10,NA,Heavy,Infested,21.3,3.0587070727153796
SWARS1_231110,4.82214627477785,207,10.35,0.241643905639648,231110,10.435869831172,11,Swartzia simplex,218,606,41,50,50,NA,Light,Infested,21.8,3.0819099697950434
SWARS1_2466,7.24691153277076,380,19,2.0756847858429,2466,13.6849462365591,69,Swartzia simplex,365,3517,32,5,5,NA,Light,Infested,36.5,3.597312260588446
SWARS1_3599,3.33625157232704,262,13.1,0.641376972198486,3599,7.28419172932331,58,Swartzia simplex,285,2906,24,0,0,NA,None,None,28.5,3.349904087274605
SWARS1_5634,9.85725168756027,268,13.45,1.03274703025818,5634,15.8582406471183,28,Swartzia simplex,263,1604,43,75,5,NA,Heavy,Infested,26.3,3.269568939183719
TAB1GU_1078,2.57482936507937,314,15.7,0.697149038314819,1078,3.7456746031746,82,Tabebuia guayacan,587,4314,33,0,100,only lianas on the stem,None,None,58.7,4.072439726834051
TAB1GU_1278,3.48814382896016,183,9.15,0.152668952941895,1278,3.11710737179487,82,Tabebuia guayacan,293,4214,12,0,5,NA,None,None,29.3,3.3775875160230218
TAB1GU_4356,2.15281667471431,344,17.2,0.790501832962036,4356,4.87888839228706,51,Tabebuia guayacan,876,2409,22,0,100,NA,None,None,87.6,4.472780997942346
TAB1GU_6194,1.61894736842105,105,5.25,0.0562050342559814,6194,1.72008995502249,24,Tabebuia guayacan,295,1310,12,0,100,broken crown,None,None,29.5,3.3843902633457743
TAB2AR_180878,7.98973548211614,375,18.8,2.92179322242737,180878,11.9962348178138,28,Tabernaemontana arborea,259,1604,23,10,20,NA,Light,Infested,25.9,3.254242968705492
TAB2AR_207921,5.09924044002095,138,7.1,0.105549097061157,207921,4.39941675503712,20,Tabernaemontana arborea,218,1115,33,100,100,NA,Heavy,Infested,21.8,3.0819099697950434
TAB2AR_4738,4.43658119035478,288,14.4,0.633877992630005,4738,6.41887707783406,49,Tabernaemontana arborea,460,2217,34,0,50,NA,None,None,46,3.828641396489095
TAB2AR_5892,7.64902298850575,365,18.25,1.8791241645813,5892,14.2237356321839,28,Tabernaemontana arborea,519,1504,33,5,0,NA,Light,Infested,51.9,3.949318790171843
TAB2AR_5986,7.34354204660588,356,17.8,1.48957300186157,5986,9.71285837931408,24,Tabernaemontana arborea,410,1410,32,0,5,NA,None,None,41,3.713572066704308
TAB2AR_6189,4.34611869710547,241,12.05,0.565642118453979,6189,5.38281061090961,24,Tabernaemontana arborea,380,1310,43,0,5,NA,None,None,38,3.6375861597263857
TAB2AR_6531,6.18397395505146,318,15.9,1.3527359962463399,6531,8.10477690288714,20,Tabernaemontana arborea,434,1114,21,0,5,NA,None,None,43.4,3.7704594411063592
TAB2AR_6758,3.63242876400316,446,22.5,1.80749678611755,6758,10.4895993494973,20,Tabernaemontana arborea,618,1015,14,50,100,NA,Light,Infested,61.8,4.123903364463645
TAB2AR_77140,6.45574643832484,267,13.35,1.33269715309143,77140,10.8457532051282,72,Tabernaemontana arborea,329,3612,41,0,100,NA,None,None,32.9,3.493472657771326
TAB2AR_8208,3.4427027027027,66,3.3,0.0379829406738281,8208,2.16764705882353,1,Tabernaemontana arborea,527,121,33,0,100,broken crown,None,None,52.7,3.9646154555473165
TACHVE_104784,0.465208333333333,183,9.15,0.152370929718018,104784,4.36684494195688,64,Tachigali versicolor,485,3124,23,100,100,NA,Heavy,Infested,48.5,3.8815637979434374
TACHVE_112468,1.01402181743336,225,11.25,0.140201091766357,112468,5.40796370967742,59,Tachigali versicolor,214,2912,14,100,85,NA,Heavy,Infested,21.4,3.0633909220278057
TACHVE_146382,5.41533059709594,443,22.15,8.54444193840027,146382,10.0131838639085,51,Tachigali versicolor,1005,2308,11,0,100,NA,None,None,100.5,4.61015772749913
TACHVE_197266,5.42373715443624,282,14.1,0.945266008377075,197266,11.2829039276308,23,Tachigali versicolor,330,1304,42,100,100,NA,Heavy,Infested,33,3.4965075614664802
TACHVE_198411,3.67674335651864,355,17.75,0.831434965133667,198411,7.01632141019043,24,Tachigali versicolor,210,1310,31,100,100,NA,Heavy,Infested,21,3.044522437723423
TACHVE_206412,3.46967920772735,367,18.35,1.07859301567078,206412,9.07838781647104,19,Tachigali versicolor,296,1108,21,40,100,NA,Light,Infested,29.6,3.3877743613300146
TACHVE_212886,2.24062679738849,391,19.55,1.49719595909119,212886,5.5741400115423,20,Tachigali versicolor,573,1014,43,0,100,NA,None,None,57.3,4.048300623720694
TACHVE_97438,1.13695838433293,182,9.1,0.112504959106445,97438,3.59658430232558,65,Tachigali versicolor,229,3212,34,95,100,NA,Heavy,Infested,22.9,3.131136910560194
TERMAM_147736,3.2043776920244,383,19.15,1.23988485336304,147736,7.14011557757033,49,Terminalia amazonia,496,2317,14,5,100,NA,Light,Infested,49.6,3.903990833730882
TERMOB_141788,2.56683512733001,358,17.9,0.69296407699585,141788,6.71186763686764,51,Terminalia oblonga,282,2409,11,0,25,NA,None,None,28.2,3.339321977944068
TERMOB_180934,2.6943435068369,380,19,0.523319959640503,180934,9.98040575818602,28,Terminalia oblonga,245,1604,33,0,100,NA,None,None,24.5,3.1986731175506815
TERMOB_3682,3.32435116509609,733,36.65,3.54737114906311,3682,7.37181943848611,58,Terminalia oblonga,685,2805,24,0,100,NA,None,None,68.5,4.22683374526818
TERMOB_3686,2.58415154925848,455,22.75,0.653887987136841,3686,5.01689140772588,58,Terminalia oblonga,376,2805,32,0,100,NA,None,None,37.6,3.6270040503958487
TET2PA_1722,4.74331498945429,280,14,0.991688966751099,1722,7.91502800849913,77,Tetragastris panamensis,585,4021,13,0,100,NA,None,None,58.5,4.069026754237811
TET2PA_176109,7.42025531914894,271,13.55,2.47440505027771,176109,11.5622496724687,31,Tetragastris panamensis,225,1707,13,0,5,NA,None,None,22.5,3.1135153092103742
TET2PA_181485,3.78081207968532,192,9.6,0.39835000038147,181485,7.4236763952893,31,Tetragastris panamensis,243,1607,32,0,70,NA,None,None,24.3,3.190476350346503
TET2PA_190972,7.0407212270226,272,13.6,0.882377147674561,190972,14.1507142857143,23,Tetragastris panamensis,232,1404,41,0,10,NA,None,None,23.2,3.1441522786722644
TET2PA_197245,11.0202350536536,228,11.4,1.92405700683594,197245,15.9853816402242,23,Tetragastris panamensis,272,1304,43,50,25,NA,Light,Infested,27.2,3.3032169733019514
TET2PA_29119,2.9242779721479,160,8,0.126850128173828,29119,1.70706699346405,91,Tetragastris panamensis,224,4620,43,5,50,NA,Light,Infested,22.4,3.109060958860994
TET2PA_3734,8.1418635949808,397,19.85,3.7002899646759,3734,10.8644310095094,59,Tetragastris panamensis,610,2812,42,10,80,NA,Light,Infested,61,4.110873864173311
TET2PA_444,2.50595359064483,280,14,0.446381807327271,444,14.1303745267712,92,Tetragastris panamensis,431,4704,22,20,80,NA,Light,Infested,43.1,3.763522997109702
TET2PA_4728,3.08064713064713,246,12.35,0.278549909591675,4728,8.07716727716728,49,Tetragastris panamensis,427,2216,13,10,100,NA,Light,Infested,42.7,3.754198920234579
TET2PA_5223,2.70272934363756,422,21.1,0.818833112716675,5223,11.2016520894072,36,Tetragastris panamensis,770,1907,31,25,100,NA,Light,Infested,77,4.343805421853684
TET2PA_5322,2.81992066563468,272,13.6,0.733788967132568,5322,8.09179012345679,36,Tetragastris panamensis,477,1808,11,20,90,NA,Light,Infested,47.7,3.8649313978942956
TET2PA_5538,6.24490648493074,320,16,1.88446116447449,5538,11.9431352932123,31,Tetragastris panamensis,556,1708,43,100,100,NA,Heavy,Infested,55.6,4.018183201256536
TET2PA_5987,3.592919318193,363,18.15,1.08857011795044,5987,6.84566869902605,24,Tetragastris panamensis,500,1410,32,0,100,sub:correcto(1,None,None,50,3.912023005428146
TET2PA_6185,1.40257834757835,263,13.15,0.164307117462158,6185,5.76685393258427,24,Tetragastris panamensis,468,1311,22,100,85,NA,Heavy,Infested,46.8,3.845883202923601
TET2PA_6186,4.84035691109669,261,13.05,0.73264217376709,6186,7.55811245496655,24,Tetragastris panamensis,369,1311,21,0,95,NA,None,None,36.9,3.6082115510464816
TET2PA_6190,4.61920240030004,397,19.9,2.45402193069458,6190,8.93638493944181,24,Tetragastris panamensis,578,1310,42,5,100,NA,Light,Infested,57.8,4.056988775678332
TOCOYE_166315,7.11555807916937,203,10.15,0.296428918838501,166315,10.934328358209,36,Tocoyena pittieri,220,1908,32,0,0,NA,None,None,22,3.091042453358316
TOCOYE_211409,3.87786138444059,284,14.2,0.527459859848022,211409,7.3838679245283,19,Tocoyena pittieri,276,1008,12,0,5,NA,None,None,27.6,3.3178157727231046
TRATAS_181524,2.14403322044832,244,12.2,0.199639797210693,181524,3.47607755167441,31,Trattinnickia aspera,203,1607,34,0,25,NA,None,None,20.3,3.0106208860477417
TRATAS_515114,3.92135802469136,225,11.25,0.816838979721069,515114,8.62949043002734,28,Trattinnickia aspera,340,1505,42,0,5,NA,None,None,34,3.5263605246161616
TREMAI_832406,1.46205009401021,241,12.05,0.366152048110962,832406,2.65235025517056,65,Trema integerrima,386,3212,43,0,100,NA,None,None,38.6,3.653252276470785
TRI2PA_198553,4.42794987817612,219,11.1,0.333003044128418,198553,7.47834087481146,24,Trichilia pallida,206,1311,33,5,5,NA,Light,Infested,20.6,3.0252910757955354
TRI2TU_104768,3.78985358041638,137,6.85,0.106350898742676,104768,7.58945224083296,64,Trichilia tuberculata,252,3124,14,100,75,NA,Heavy,Infested,25.2,3.2268439945173775
TRI2TU_104880,5.85013007007857,267,13.35,1.09551501274109,104880,8.01338981244672,64,Trichilia tuberculata,435,3124,42,10,100,NA,Light,Infested,43.5,3.7727609380946383
TRI2TU_1076,8.20684183673469,532,26.6,1.57210397720337,1076,14.583,82,Trichilia tuberculata,354,4315,13,0,95,NA,None,None,35.4,3.5667118201397288
TRI2TU_117281,3.96598764401403,151,7.55,0.141664028167725,117281,7.04636127355426,59,Trichilia tuberculata,224,2813,22,0,25,NA,None,None,22.4,3.109060958860994
TRI2TU_166107,8.26129914961691,276,13.8,1.13019895553589,166107,14.6252673233982,36,Trichilia tuberculata,268,1907,22,10,0,NA,Light,Infested,26.8,3.288401887516811
TRI2TU_166172,8.53793924955331,276,13.8,0.603707075119019,166172,13.5477095301223,36,Trichilia tuberculata,203,1907,44,5,5,NA,Light,Infested,20.3,3.0106208860477417
TRI2TU_166340,3.56063291139241,408,20.4,0.382179975509644,166340,8.44686594479183,36,Trichilia tuberculata,260,1908,44,0,100,NA,None,None,26,3.258096538021482
TRI2TU_1773,6.37444145658263,331,16.55,1.73029398918152,1773,8.25105698324022,77,Trichilia tuberculata,440,3921,44,0,90,NA,None,None,44,3.784189633918261
TRI2TU_1783,6.09915648115185,424,21.2,2.23339295387268,1783,10.0212005413582,77,Trichilia tuberculata,496,3920,34,0,100,NA,None,None,49.6,3.903990833730882
TRI2TU_17999,8.75949263502455,155,7.75,0.182718992233276,17999,5.62813620071685,82,Trichilia tuberculata,245,4214,34,85,5,NA,Heavy,Infested,24.5,3.1986731175506815
TRI2TU_18094,7.96656525707332,324,16.2,1.16905403137207,18094,8.6344280240832,82,Trichilia tuberculata,231,4215,22,0,0,NA,None,None,23.1,3.139832617527748
TRI2TU_18136,11.7527235772358,241,12.05,1.38110089302063,18136,11.2404475043029,82,Trichilia tuberculata,210,4215,42,0,0,NA,None,None,21,3.044522437723423
TRI2TU_181738,4.22947326279668,368,18.45,1.15606713294983,181738,11.1922764227642,31,Trichilia tuberculata,483,1608,42,100,100,NA,Heavy,Infested,48.3,3.877431560658527
TRI2TU_191898,4.5455436935413696,294,14.7,0.714465141296387,191898,9.35137315152679,24,Trichilia tuberculata,253,1410,24,0,25,NA,None,None,25.3,3.2308043957334744
TRI2TU_192071,1.70997175141243,143,7.15,0.0934622287750244,192071,1.97868852459016,24,Trichilia tuberculata,201,1411,24,0,100,NA,None,None,20.1,3.0007198150650303
TRI2TU_198486,3.2917109929078,187,9.35,0.270554065704346,198486,4.60597911741529,24,Trichilia tuberculata,334,1311,13,0,100,NA,None,None,33.4,3.5085558999826545
TRI2TU_211196,2.0510305958132,293,14.65,0.164659976959229,211196,8.28406768837803,19,Trichilia tuberculata,232,1007,11,75,5,NA,Heavy,Infested,23.2,3.1441522786722644
TRI2TU_212939,7.29446331521739,331,16.6,0.795898914337158,212939,11.3237664875427,20,Trichilia tuberculata,227,1015,12,5,10,NA,Light,Infested,22.7,3.122364924487357
TRI2TU_213134,6.9267219863905,297,14.85,0.86053204536438,213134,12.0214747084976,20,Trichilia tuberculata,410,1015,41,0,100,NA,None,None,41,3.713572066704308
TRI2TU_2170,2.78488116586265,328,16.4,0.641849040985107,2170,6.59960953346856,74,Trichilia tuberculata,610,3711,23,20,100,NA,Light,Infested,61,4.110873864173311
TRI2TU_2463,7.77983746672271,247,12.35,0.59794020652771,2463,13.7251788662631,69,Trichilia tuberculata,383,3517,14,50,100,NA,Light,Infested,38.3,3.6454498961866
TRI2TU_2475,5.11214480874317,302,15.1,1.02745819091797,2475,9.62194444444444,69,Trichilia tuberculata,388,3517,31,0,5,NA,None,None,38.8,3.6584202466292277
TRI2TU_2683,4.89796016704144,350,17.5,1.14318799972534,2683,9.01137728007389,68,Trichilia tuberculata,415,3414,21,0,100,NA,None,None,41.5,3.7256934272366524
TRI2TU_2842,5.45116570432509,192,9.6,0.251989126205444,2842,9.34686128182616,68,Trichilia tuberculata,262,3314,42,60,100,NA,Heavy,Infested,26.2,3.265759410767051
TRI2TU_2845,4.25578387605042,216,10.85,0.529175996780396,2845,6.4245492371706,68,Trichilia tuberculata,358,3314,42,0,100,NA,None,None,35.8,3.5779478934066544
TRI2TU_2857,5.02120012183978,348,17.4,1.17615008354187,2857,8.7492054958184,65,Trichilia tuberculata,363,3312,43,5,5,NA,Light,Infested,36.3,3.591817741270805
TRI2TU_4358,5.78903774289985,358,17.9,0.975131034851074,4358,10.3405844155844,51,Trichilia tuberculata,358,2409,32,0,50,NA,None,None,35.8,3.5779478934066544
TRI2TU_4726,2.028559733514,280,14.05,0.241738796234131,4726,5.53778250167823,49,Trichilia tuberculata,495,2216,23,20,100,NA,Light,Infested,49.5,3.901972669574645
TRI2TU_508,7.08063969982612,307,15.35,1.06668996810913,508,19.1699404761905,92,Trichilia tuberculata,383,4604,22,90,5,NA,Heavy,Infested,38.3,3.6454498961866
TRI2TU_517,4.2702394005848,190,9.5,0.348773002624512,517,7.41133380215659,92,Trichilia tuberculata,397,4605,34,0,100,NA,None,None,39.7,3.681351187693145
TRI2TU_5216,7.84929025198334,381,19.05,1.22985792160034,5216,16.0070952380952,36,Trichilia tuberculata,345,1908,23,100,5,NA,Heavy,Infested,34.5,3.5409593240373143
TRI2TU_5219,5.08312101910828,336,16.8,1.2105278968811,5219,9.15623209830916,36,Trichilia tuberculata,448,1907,44,0,70,NA,None,None,44.8,3.8022081394209395
TRI2TU_5220,6.20451656975821,374,18.7,1.21466183662415,5220,9.63194681861349,36,Trichilia tuberculata,412,1907,33,0,50,NA,None,None,41.2,3.7184382563554808
TRI2TU_5224,6.89707471441803,264,13.2,0.547785043716431,5224,13.0704895531493,36,Trichilia tuberculata,292,1907,31,100,25,sub:correcto(1,Heavy,Infested,29.2,3.374168709274236
TRI2TU_58410,5.74894972218458,193,9.65,0.318317174911499,58410,8.6618778280543,77,Trichilia tuberculata,226,4020,44,70,100,NA,Heavy,Infested,22.6,3.1179499062782403
TRI2TU_594,3.4375654035199,393,19.65,0.694121122360229,594,7.69712224512447,94,Trichilia tuberculata,310,4617,13,5,0,NA,Light,Infested,31,3.4339872044851463
TRI2TU_5944,3.73034618888552,232,11.65,0.346463918685913,5944,8.15823365953848,23,Trichilia tuberculata,310,1404,31,0,100,NA,None,None,31,3.4339872044851463
TRI2TU_5989,5.23674673711718,372,18.6,1.44739818572998,5989,9.97059963520292,24,Trichilia tuberculata,334,1410,13,0,5,NA,None,None,33.4,3.5085558999826545
TRI2TU_614,3.12238827838828,310,15.65,0.614810943603516,614,6.36074287732517,91,Trichilia tuberculata,402,4620,32,0,100,NA,None,None,40.2,3.6938669956249757
TRI2TU_63940,7.02144338380514,342,17.1,1.45235204696655,63940,9.54885853658537,77,Trichilia tuberculata,393,3920,23,25,100,NA,Light,Infested,39.3,3.6712245188752153
TRI2TU_63996,7.25938301282051,333,16.65,1.00736212730408,63996,10.5719072164948,77,Trichilia tuberculata,239,3920,44,5,50,NA,Light,Infested,23.9,3.173878458937465
TRI2TU_64084,6.11873631840796,263,13.15,0.312011003494263,64084,11.3949215686275,77,Trichilia tuberculata,206,3921,14,0,5,NA,None,None,20.6,3.0252910757955354
TRI2TU_6533,9.29390749601276,318,15.9,1.09585189819336,6533,12.7625686813187,20,Trichilia tuberculata,310,1114,14,0,0,NA,None,None,31,3.4339872044851463
TRI2TU_6744,5.23789495798319,311,15.55,1.1479709148407,6744,9.29293557422969,20,Trichilia tuberculata,425,1014,12,0,0,NA,None,None,42.5,3.7495040759303713
TRI2TU_6751,11.7927509688379,534,26.7,2.26716995239258,6751,16.7159551986475,20,Trichilia tuberculata,340,1015,31,0,5,NA,None,None,34,3.5263605246161616
TRI2TU_6755,5.18743018038641,298,14.9,0.602123975753784,6755,9.35600655260284,20,Trichilia tuberculata,396,1015,13,0,5,a lot of lianas on the stem,None,None,39.6,3.6788291182604347
TRI2TU_6756,7.39010592742844,329,16.45,0.413393974304199,6756,12.3980295566502,20,Trichilia tuberculata,285,1015,13,5,100,NA,Light,Infested,28.5,3.349904087274605
TRI2TU_7598,5.78564226017442,398,20,1.25111293792725,7598,13.4529715762274,11,Trichilia tuberculata,423,506,12,10,100,NA,Light,Infested,42.3,3.744787086052232
TRI2TU_77018,3.65475768872321,317,15.85,0.275796890258789,77018,11.2135707762557,72,Trichilia tuberculata,256,3612,14,0,100,only lianas on the stem,None,None,25.6,3.242592351485517
TRI2TU_82137,3.4374838860893,176,8.8,0.282231092453003,82137,6.33537556247837,72,Trichilia tuberculata,275,3512,43,0,100,NA,None,None,27.5,3.3141860046725258
TRI2TU_82699,8.74465838509317,367,18.35,1.59250092506409,82699,10.8658507783145,69,Trichilia tuberculata,234,3516,43,0,0,NA,None,None,23.4,3.152736022363656
TRI2TU_82724,7.18552592592593,232,11.6,1.71347713470459,82724,10.1035337423313,69,Trichilia tuberculata,316,3516,41,0,5,NA,None,None,31.6,3.4531571205928664
TRI2TU_82836,4.0954152950718,306,15.3,0.966296911239624,82836,8.69750966079863,69,Trichilia tuberculata,453,3517,43,0,100,NA,None,None,45.3,3.8133070324889884
TRI2TU_8517,3.77826507720055,285,14.25,0.470248937606812,8517,9.79070512820513,1,Trichilia tuberculata,422,21,43,100,95,NA,Heavy,Infested,42.2,3.742420221041966
TRI2TU_92228,6.43093333333333,314,15.7,0.663826942443848,92228,11.5121547619048,65,Trichilia tuberculata,227,3311,13,45,100,NA,Light,Infested,22.7,3.122364924487357
TRI2TU_92451,5.77192212433771,329,16.45,0.665631055831909,92451,11.2066290726817,65,Trichilia tuberculata,209,3312,23,0,5,NA,None,None,20.9,3.039749158970765
TRI2TU_92568,4.20527950310559,246,12.35,0.206032991409302,92568,9.72775135869565,65,Trichilia tuberculata,228,3312,44,10,5,NA,Light,Infested,22.8,3.126760535960395
TRI2TU_97370,8.43686972326454,265,13.25,0.886298894882202,97370,12.9396283391405,65,Trichilia tuberculata,230,3212,21,0,20,NA,None,None,23,3.1354942159291497
TRI2TU_99492,3.51153846153846,158,7.9,0.239912033081055,99492,6.26198854337152,64,Trichilia tuberculata,335,3223,24,100,100,NA,Heavy,Infested,33.5,3.5115454388310208
TRI2TU_99567,5.15416,299,14.95,0.364825010299683,99567,8.47232178414974,64,Trichilia tuberculata,237,3223,33,90,95,NA,Heavy,Infested,23.7,3.1654750481410856
TRI2TU_99598,3.30401191193201,257,12.85,0.585903167724609,99598,7.00173402694411,64,Trichilia tuberculata,312,3223,44,100,100,NA,Heavy,Infested,31.2,3.4404180948154366
TRI2TU_99708,4.74060913705584,215,10.75,0.474633932113647,99708,9.18999131567521,64,Trichilia tuberculata,241,3224,14,25,10,NA,Light,Infested,24.1,3.1822118404966093
TRIPCU_18082,2.34217188540973,264,13.2,0.228486061096191,18082,4.14085294117647,82,Triplaris cumingiana,293,4215,14,0,100,NA,None,None,29.3,3.3775875160230218
TRIPCU_211619,4.85758434106838,206,10.45,0.301681041717529,211619,9.91246950782035,19,Triplaris cumingiana,212,1008,41,0,90,NA,None,None,21.2,3.054001181677967
TRIPCU_3605,0.384986740597879,275,13.75,0.117947816848755,3605,0.827297297297297,58,Triplaris cumingiana,273,2906,41,0,100,NA,None,None,27.3,3.3068867021909143
TRIPCU_64026,3.07522572469507,225,11.35,0.156678199768066,64026,5.78518518518519,77,Triplaris cumingiana,279,3920,41,0,100,NA,None,None,27.9,3.32862668882732
TRIPCU_67044,0.408300339366516,226,11.75,0.0911250114440918,67044,0.910500410172272,74,Triplaris cumingiana,390,3810,41,0,100,NA,None,None,39,3.6635616461296463
TRIPCU_92300,4.40388957816377,168,8.4,0.20187520980835,92300,7.25600907029478,65,Triplaris cumingiana,282,3311,32,100,0,NA,Heavy,Infested,28.2,3.339321977944068
TROPHI_180817,6.95070862626939,349,17.45,1.04015898704529,180817,12.4156553398058,28,Trophis racemosa,280,1604,12,0,5,NA,None,None,28,3.332204510175204
TURPOC_87652,5.50221408055725,301,15.05,0.703133106231689,87652,13.1773399014778,68,Turpinia occidentalis,586,3415,23,5,70,NA,Light,Infested,58.6,4.070734696582967
VIROSE_18167,4.40571268775967,200,10,0.363041877746582,18167,5.11342139595564,82,Virola sebifera,215,4214,22,0,15,NA,None,None,21.5,3.068052935133617
VIROSE_18197,3.22716476373031,188,9.4,0.431057214736938,18197,2.5462962962963,82,Virola sebifera,267,4214,31,0,25,NA,None,None,26.7,3.2846635654062037
VIROSE_2507,2.78523410852713,161,8.05,0.144376993179321,2507,4.79836385836386,72,Virola sebifera,321,3512,44,0,100,NA,None,None,32.1,3.4688560301359703
VIROSE_258611,2.12056628621598,100,5,0.068371057510376,258611,5.24190476190476,1,Virola sebifera,229,120,31,100,50,NA,Heavy,Infested,22.9,3.131136910560194
VIROSE_258702,4.47337603519669,197,9.85,0.319679021835327,258702,6.69576174112257,1,Virola sebifera,202,121,31,5,95,NA,Light,Infested,20.2,3.005682604407159
VIROSE_263675,3.64472406181015,365,18.25,0.334079027175903,263675,9.39708306911858,1,Virola sebifera,252,21,31,95,90,NA,Heavy,Infested,25.2,3.2268439945173775
VIROSE_3560,3.3970046854083,291,14.55,0.359033107757568,3560,6.1326455026455,59,Virola sebifera,324,2912,41,75,100,NA,Heavy,Infested,32.4,3.4781584227982836
VIROSE_43966,4.24266284061217,257,12.85,0.687768936157227,43966,8.34772303098171,59,Virola sebifera,317,2912,23,5,5,NA,Light,Infested,31.7,3.456316680883235
VIROSE_4525,3.17268052131032,320,16,0.328330039978027,4525,8.00743355481728,49,Virola sebifera,298,2316,33,10,5,NA,Light,Infested,29.8,3.3945083935113587
VIROSE_57083,4.68997557997558,238,11.9,0.258382081985474,57083,6.45752380952381,77,Virola sebifera,226,4021,41,0,5,NA,None,None,22.6,3.1179499062782403
VIROSE_626,8.36361842105263,344,17.2,0.318301916122437,626,9.28779761904762,91,Virola sebifera,317,4621,32,100,100,NA,Heavy,Infested,31.7,3.456316680883235
VIROSE_72126,2.79651974132063,142,7.15,0.117687940597534,72126,4.73874663072776,74,Virola sebifera,212,3711,24,100,5,NA,Heavy,Infested,21.2,3.054001181677967
VIROSE_87425,4.43871710526316,142,7.1,0.280220031738281,87425,6.34956666666667,68,Virola sebifera,200,3414,13,20,90,NA,Light,Infested,20,2.995732273553991
VIROSE_92241,2.7551433493294,118,5.9,0.122529983520508,92241,4.93399784482759,65,Virola sebifera,207,3312,21,0,5,NA,None,None,20.7,3.0301337002713233
VIROSE_92519,2.52996216030272,246,12.3,0.205451965332031,92519,5.69676356589147,65,Virola sebifera,234,3312,21,0,10,NA,None,None,23.4,3.152736022363656
VIROSE_99804,4.08437044334975,126,6.3,0.263571977615356,99804,7.50582191780822,64,Virola sebifera,242,3224,34,100,75,NA,Heavy,Infested,24.2,3.186352633162641
VIROSU_27972,2.75155934302288,236,11.8,0.453037977218628,27972,3.40943713450292,94,Virola surinamensis,492,4616,11,0,100,NA,None,None,49.2,3.8958936234982624
VIROSU_34090,6.27885331347729,301,15.05,1.06462287902832,34090,8.75972517730496,91,Virola surinamensis,442,4520,21,0,5,NA,None,None,44.2,3.7887247890836524
VIROSU_42267,3.65979817897118,275,13.75,1.19038701057434,42267,3.34794871794872,82,Virola surinamensis,577,4314,14,0,100,NA,None,None,57.7,4.055257173514054
VIROSU_588,2.88853469899666,377,18.85,1.37633585929871,588,3.44171171171171,94,Virola surinamensis,782,4616,43,0,100,NA,None,None,78.2,4.359269647551265
VIROSU_5894,4.8104058755315,199,10,0.48743200302124,5894,10.7297101449275,28,Virola surinamensis,457,1504,41,100,100,NA,Heavy,Infested,45.7,3.822098297900159
VOCHFE_198534,1.32401851392677,219,10.95,0.342070817947388,198534,2.21276814575375,24,Vochysia ferruginea,562,1311,31,0,100,NA,None,None,56.2,4.028916756899646
VOCHFE_618074,3.42025004067907,146,7.3,0.240354061126709,618074,5.73633547008547,36,Vochysia ferruginea,220,1808,14,0,100,NA,None,None,22,3.091042453358316
XYL1MA_2867,7.68707101765523,299,14.95,0.542853116989136,2867,12.7489585399722,65,Xylopia macrantha,302,3311,32,100,75,NA,Heavy,Infested,30.2,3.407841924380824
XYL1MA_93038,7.37862745098039,158,7.9,0.417897939682007,93038,8.39446929039952,68,Xylopia macrantha,206,3314,42,5,75,NA,Light,Infested,20.6,3.0252910757955354
ZANTBE_633201,3.1892439862543,100,5,0.0999400615692139,633201,1.97088512241055,68,Zanthoxylum ekmanii,288,3315,32,100,100,NA,Heavy,Infested,28.8,3.3603753871419
ZANTBE_700477,2.60685370635299,194,9.75,0.243652105331421,700477,3.85562941859238,1,Zanthoxylum ekmanii,235,20,23,0,100,NA,None,None,23.5,3.1570004211501135
ZANTBE_832380,2.09799368088468,182,9.1,0.231157064437866,832380,3.43821273066556,65,Zanthoxylum ekmanii,200,3212,32,0,100,NA,None,None,20,2.995732273553991
ZANTP1_416186,1.09593596059113,154,8.3,0.0634241104125977,416186,1.64444444444444,31,Zanthoxylum panamense,298,1607,11,100,100,NA,Heavy,Infested,29.8,3.3945083935113587
ZANTP1_434210,2.69010364163306,212,10.6,0.473156929016113,434210,4.3195625,68,Zanthoxylum panamense,294,3415,13,0,100,NA,None,None,29.4,3.380994674344636
ZANTP1_515072,5.38057142857143,272,13.6,0.232812881469727,515072,12.4935555555556,28,Zanthoxylum panamense,325,1505,23,100,100,NA,Heavy,Infested,32.5,3.481240089335692
ZANTP1_515100,1.6147677876916,276,14.2,0.235570192337036,515100,3.69393322014714,28,Zanthoxylum panamense,330,1505,33,0,100,NA,None,None,33,3.4965075614664802
ZANTPR_263448,3.8079673460238,403,20.15,0.908291816711426,263448,6.91152263374486,1,Zanthoxylum acuminatum,360,20,22,5,100,NA,Light,Infested,36,3.58351893845611
