tag6,species,sbpltnm,height_2011,dbh_2011,log_height_2011,log_dbh_2011,slenderness_2011,log_slender_2011,lianas_2011,lianas_2012,lianas_2019,h2_2011_category,gained_by_2019
001086,ALCHCO,NA,22.1,424.9266929686502,3.095577608523707,3.749331573920167,0.5200897087825563,-0.6537539653964599,0,1,0,remained uninfested,0
165952,ALSEBL,NA,19.7,219.05334555750298,2.9806186357439426,3.086730194180515,0.8993243152649598,-0.10611155843657244,0,0,0,remained uninfested,0
240553,ALSEBL,NA,19.7,235.48040285510882,2.9806186357439426,3.1590426019472457,0.8365876633955572,-0.17842396620330292,0,0,0,remained uninfested,0
025227,ALSEBL,NA,20.9,255.0130406452129,3.039749158970765,3.2387295906419347,0.8195659307116432,-0.19898043167116952,0,0,0,remained uninfested,0
165783,ALSEBL,NA,22.1,340.5991566019047,3.095577608523707,3.5281211990186305,0.6488565685390313,-0.4325435904949233,0,0,0,remained uninfested,0
007625,ALSEBL,NA,22.9,618.9140215355809,3.131136910560194,4.1253812710699815,0.37000292776019283,-0.9942443605097875,0,1,0,remained uninfested,0
005891,ALSEBL,28,23.3,427.93068900079,3.1484533605716547,3.7563761478868574,0.544480697432686,-0.6079227873152024,0,1,0,remained uninfested,0
122629,ALSEBL,NA,25.2,247.07358785282807,3.2268439945173775,3.207101125792304,1.0199390480786898,0.019742868725073682,0,0,0,remained uninfested,0
003415,ALSEBL,NA,25.6,301.7669142690311,3.242592351485517,3.407069819328229,0.8483368715888152,-0.16447746784271222,0,0,0,remained uninfested,0
002467,ALSEBL,69,26.4,517.2300434578225,3.2733640101522705,3.945902640882126,0.5104111861621353,-0.6725386307298552,0,0,0,remained uninfested,0
001034,ALSEBL,NA,26.5,445.5147501025682,3.2771447329921766,3.796645262465398,0.5948175676315781,-0.5195005294732217,0,0,0,remained uninfested,0
002326,ALSEBL,72,27.1,586.2682814477466,3.299533727885655,4.071192409986419,0.4622457133972613,-0.7716586821007642,0,1,1,gained infestation,1
000513,ALSEBL,92,27.5,411.53592408409605,3.3141860046725258,3.7173112236384984,0.6682284192128136,-0.4031252189659729,0,0,0,remained uninfested,0
001283,ALSEBL,82,29.3,699.6679581619081,3.3775875160230218,4.248020784028963,0.41877007026266844,-0.8704332680059411,0,1,0,remained uninfested,0
006745,ALSEBL,20,30.5,665.767296721798,3.417726683613366,4.198355112168806,0.458118026376188,-0.7806284285554402,0,0,0,remained uninfested,0
000779,ALSEBL,NA,30.9,540.1457748625112,3.4307561839036995,3.989253963582493,0.5720677905490474,-0.5584977796787934,0,0,0,remained uninfested,0
002933,ALSEBL,NA,32.4,904.3064332177603,3.4781584227982836,4.5045831847575615,0.35828562984686807,-1.0264247619592775,0,3,1,gained infestation,1
005197,ANACEX,NA,38.6,1826.6578025638373,3.653252276470785,5.207658145657094,0.21131489404212603,-1.5544058691863085,0,2,1,gained infestation,1
003721,ANACEX,NA,40,1294.2305012993204,3.6888794541139363,4.863086497037483,0.30906395699871614,-1.174207042923547,0,2,0,remained uninfested,0
004306,ANACEX,NA,40.5,1248.212053179658,3.7013019741124933,4.826882355908286,0.32446409964421924,-1.1255803817957932,0,0,0,remained uninfested,0
000556,ANACEX,NA,41.7,861.3603641245422,3.730501128804756,4.45592786524545,0.48411793410511156,-0.7254267364406946,0,0,0,remained uninfested,0
008162,ANDIIN,NA,28.2,443.2118030359855,3.339321977944068,3.7914626734833035,0.6362646438301276,-0.45214069553923536,0,0,0,remained uninfested,0
156272,APEIME,NA,23.8,486.583443196524,3.169685580677429,3.8848233112864103,0.4891247397085709,-0.7151377306089811,0,0,0,remained uninfested,0
001119,APEIME,NA,30.1,525.4072669909858,3.40452517175483,3.961588615511163,0.5728889166756883,-0.5570634437563325,0,0,2,gained infestation,1
001031,APEIME,NA,30.3,488.11138773775804,3.4111477125153233,3.8879585403742003,0.6207599486754637,-0.47681082785887674,0,0,0,remained uninfested,0
004465,APEIME,NA,31.4,735.0727940189901,3.4468078929142076,4.297384440796325,0.42716857779923223,-0.8505765478821169,0,0,0,remained uninfested,0
008074,APEIME,NA,32.5,891.5487066542453,3.481240089335692,4.49037497731393,0.36453420612278387,-1.0091348879782382,0,0,1,gained infestation,1
007082,APEIME,NA,32.7,880.0318410958743,3.487375077903208,4.477372996887109,0.37157746427992633,-0.9899979189839009,0,1,1,gained infestation,1
001045,ASPICR,NA,37.1,610.3154261486812,3.6136169696133895,4.1113908225743065,0.6078823901620001,-0.49777385296091725,0,0,0,remained uninfested,0
005869,ASPICR,NA,37.7,772.9645703858,3.629660094453965,4.347648120630681,0.4877325746144261,-0.7179880261767155,0,0,0,remained uninfested,0
002178,ASPICR,74,38.5,1001.9361998829323,3.6506582412937387,4.607104513852043,0.38425600357087003,-0.9564462725583043,0,1,0,remained uninfested,0
000918,ASPICR,NA,40.7,682.2689962039344,3.7062280924485496,4.222838909671689,0.596538905130529,-0.51661081722314,0,0,0,remained uninfested,0
004787,ASPICR,NA,41.8,1075.8981349971798,3.7328963395307104,4.678325973169219,0.3885126169505774,-0.9454296336385085,0,0,0,remained uninfested,0
001493,ASPICR,NA,42.8,934.9855714079569,3.756538102587751,4.5379460045263285,0.45776107470352956,-0.781407901938577,0,0,0,remained uninfested,0
007663,AST2GR,NA,35.7,420.9778667278614,3.5751506887855933,3.7399951662133564,0.8480255809524079,-0.16484447742776304,0,0,0,remained uninfested,0
007391,AST2GR,NA,36.3,590.8871953585019,3.591817741270805,4.0790400353961065,0.6143304557137362,-0.48722229412530144,0,0,0,remained uninfested,0
004901,AST2GR,NA,37.4,493.81129882998687,3.6216707044204863,3.899568365044458,0.7573743267643691,-0.27789766062397203,0,0,0,remained uninfested,0
001392,BEILPE,NA,25.1,284.7577400872556,3.2228678461377385,3.3490536910086166,0.8814510184098542,-0.1261858448708783,0,0,0,remained uninfested,0
028496,BEILPE,94,25.2,366.6047637861372,3.2268439945173775,3.6016992368337792,0.6873887763962796,-0.3748552423164017,0,1,0,remained uninfested,0
002496,BEILPE,72,28.6,491.0012141410032,3.353406717825807,3.8938615075896847,0.5824832846907544,-0.5404547897638777,0,0,0,remained uninfested,0
001345,BEILPE,NA,28.7,404.6820311996274,3.3568971227655755,3.7005165576046153,0.7091987730446685,-0.34361943483903973,0,0,0,remained uninfested,0
013135,BEILPE,NA,29.3,421.315652755502,3.3775875160230218,3.740797228767408,0.6954405754538482,-0.36320971274438624,0,0,1,gained infestation,1
007826,BEILPE,NA,29.7,715.4850787485725,3.391147045808654,4.270375651485317,0.41510299630492825,-0.87922860567666306,0,0,0,remained uninfested,0
043196,BEILPE,NA,29.9,353.8078830562664,3.3978584803966405,3.5661689695921424,0.8450914021959476,-0.1683104891955018,0,0,0,remained uninfested,0
007222,BEILPE,NA,30.7,529.0920259647592,3.4242626545931514,3.9685772858607966,0.5802393249836053,-0.5443146312676449,0,0,0,remained uninfested,0
001016,BEILPE,NA,32.7,413.7220464569517,3.487375077903208,3.722609269981501,0.7903857258765271,-0.23523419207829332,0,0,0,remained uninfested,0
001265,BEILPE,NA,34,530.0183406388768,3.5263605246161616,3.970326517932396,0.6414872353099492,-0.4439659933162349,0,0,0,remained uninfested,0
000620,BEILPE,91,34.3,673.2096052014107,3.535145354171894,4.209471637196771,0.5094995635087252,-0.6743262830248763,0,0,0,remained uninfested,0
007153,BEILPE,NA,36.3,842.4875849626931,3.591817741270805,4.43377383317457,0.43086688335718837,-0.8419560919037651,0,0,1,gained infestation,1
001745,BEILPE,NA,36.7,479.8999035026392,3.6027767550605247,3.8709924547920744,0.7647428084927335,-0.2682156997315495,0,0,0,remained uninfested,0
001747,BEILPE,NA,37.9,669.2678711014661,3.634951112088381,4.203599292227279,0.5662904441778301,-0.5686481801388988,0,0,0,remained uninfested,0
002173,BROSAL,74,31.1,623.6510660511626,3.4372078191851885,4.13300592995032,0.4986762902037378,-0.6957981107651312,0,0,2,gained infestation,1
004609,BROSAL,NA,33.6,428.7610606943639,3.5145260669691587,3.7583147026912282,0.7836532530632784,-0.24378863572206963,0,0,0,remained uninfested,0
013136,BROSAL,NA,33.7,777.8675705634208,3.517497837358316,4.353971198910848,0.43323569814834423,-0.8364733615525323,0,1,0,remained uninfested,0
004903,BROSAL,NA,34.8,749.1047598820882,3.5496173867804286,4.316293747074016,0.4645545171209117,-0.7666763602935877,0,1,0,remained uninfested,0
006193,BROSAL,24,34.9,658.8828657480316,3.5524868292083815,4.1879606802592315,0.5296844373146345,-0.6354738510508504,0,0,1,gained infestation,1
006704,BROSAL,NA,37.5,1137.9086051147433,3.624340932976365,4.734362206617099,0.3295519502308238,-1.1100212736407342,0,1,0,remained uninfested,0
002278,BROSAL,NA,37.7,670.5940797808878,3.629660094453965,4.2055789127570735,0.5621880827268595,-0.5759188183031081,0,0,0,remained uninfested,0
004156,BROSAL,NA,38.3,1042.5402356112081,3.6454498961866,4.6468304552446424,0.3673719122940701,-1.0013805590580422,0,1,0,remained uninfested,0
007086,BROSAL,NA,38.9,1109.19945774449,3.6609942506244004,4.708808731876641,0.3507033809690233,-1.0478144812522405,0,1,0,remained uninfested,0
004524,BROSAL,49,39.4,971.9035788943589,3.673765816303888,4.576671507877525,0.40539000838767963,-0.9029056915736369,0,2,0,remained uninfested,0
003681,BROSAL,58,40.4,880.3993052886991,3.6988297849671046,4.477790467571965,0.45888268831325457,-0.7789606826048606,NA,0,0,remained uninfested,0
000191,CALOLO,NA,32.1,783.5520593734316,3.4688560301359703,4.361252411232119,0.4096728432526718,-0.892396381096149,0,1,0,remained uninfested,0
000949,CALOLO,NA,40.9,673.7409405459674,3.711130063048756,4.210260582824795,0.6070582554602753,-0.4991305197760396,0,0,0,remained uninfested,0
007797,CASEAR,NA,28.5,497.8254228975092,3.349904087274605,3.9076643661406334,0.5724898466237529,-0.5577602788660289,0,1,0,remained uninfested,0
061292,CASSEL,NA,20.1,270.6740142470711,3.0007198150650303,3.2983301043640916,0.7425906788988148,-0.2976102892990615,0,0,0,remained uninfested,0
002741,CAVAPL,NA,31.8,1402.1244079020378,3.459466289786131,4.943158706685106,0.22679870502776223,-1.4836924168989756,0,0,0,remained uninfested,0
002016,CAVAPL,NA,36.3,1254.8459471732726,3.591817741270805,4.8321829997809305,0.2892785371923235,-1.240365258510125,0,0,2,gained infestation,1
000427,CAVAPL,NA,36.3,1385.1125073189146,3.591817741270805,4.9309515550494325,0.26207257394754085,-1.3391338137786273,0,0,0,remained uninfested,0
003603,CAVAPL,58,39.8,1360.800527746001,3.6838669122903918,4.913243335907932,0.2924749012695035,-1.22937642361754,0,0,0,remained uninfested,0
003008,CAVAPL,NA,39.8,1639.803700346035,3.6838669122903918,5.099746725749236,0.24271197821788862,-1.4158798134588446,0,0,0,remained uninfested,0
003661,CAVAPL,NA,40,1328.9905137747155,3.6888794541139363,4.889589827826693,0.3009803274395728,-1.2007103737127576,0,0,0,remained uninfested,0
001091,CAVAPL,NA,41.5,1893.1970196453549,3.7256934272366524,5.243437130794971,0.21920592294073035,-1.5177437035583188,0,0,0,remained uninfested,0
003628,CAVAPL,NA,43,2165.836182227585,3.7612001156935624,5.377976700232811,0.19853763803952176,-1.6167765845392479,0,3,0,remained uninfested,0
002948,CAVAPL,NA,44,2284.1212787390314,3.784189633918261,5.431151575644919,0.19263425462368872,-1.6469619417266583,0,0,0,remained uninfested,0
003654,CAVAPL,NA,45.8,2101.314170546148,3.824284091120139,5.347733130487285,0.21795884043410899,-1.5234490393671456,0,1,0,remained uninfested,0
719030,CECRIN,NA,19.5,199.95828394549142,2.970414465569701,2.9955236715255578,0.9752034081926655,-0.025109205955856747,0,0,0,remained uninfested,0
633185,CECRIN,68,21.4,257.022154780017,3.0633909220278057,3.2465771935554204,0.8326130491869883,-0.18318627152761482,0,0,0,remained uninfested,0
719121,CECRIN,NA,21.7,257.4859671051222,3.077312260546414,3.2483801289456102,0.8427643744616449,-0.17106786839919633,0,0,0,remained uninfested,0
725369,CECRIN,NA,22,217.83081956812237,3.091042453358316,3.081133611479939,1.0099580970047228,0.009908841878376661,0,0,0,remained uninfested,0
440922,CECRIN,77,22.3,288.2593787936702,3.104586678466073,3.361275602637671,0.7736088273458002,-0.2566889241715979,0,1,1,gained infestation,1
734126,CECRIN,NA,22.5,261.90719504131164,3.1135153092103742,3.2654051306176757,0.8590829280749995,-0.15188982140730126,0,0,0,remained uninfested,0
133250,CECRIN,NA,22.9,280.30839474106597,3.131136910560194,3.33330531385797,0.8169573380473961,-0.20216840329777624,0,0,0,remained uninfested,0
138650,CECRIN,NA,23.2,199.7312948650118,3.1441522786722644,2.994387844539233,1.1615605864709233,0.14976443413303145,0,0,0,remained uninfested,0
405283,CECRIN,NA,24.3,395.1104868496713,3.190476350346503,3.676580346338008,0.615017844597111,-0.4861039959915052,0,0,0,remained uninfested,0
613049,CECRIN,23,24.5,292.1973976361921,3.1986731175506815,3.374844500178144,0.8384742710988945,-0.17617138262746268,0,0,0,remained uninfested,0
633195,CECRIN,68,24.8,338.55905114320444,3.2108436531709366,3.5221134336066835,0.7325162306622263,-0.31126978043574716,0,0,0,remained uninfested,0
719031,CECRIN,NA,27,256.95871256025623,3.295836866004329,3.2463303274788244,1.0507524625641391,0.049506538525504885,0,0,0,remained uninfested,0
004088,CECRIN,NA,30.2,402.6199150659446,3.407841924380824,3.695407885123221,0.7500870888379572,-0.2875659607423968,0,0,0,remained uninfested,0
004137,CECRIN,NA,30.4,315.87362508687784,3.414442608412176,3.4527571199921456,0.9624102041327062,-0.0383145115799697,0,0,0,remained uninfested,0
039052,CECRIN,NA,30.5,276.7757621620033,3.417726683613366,3.3206225624718493,1.101975106553862,0.09710412114151647,0,0,0,remained uninfested,0
054145,CECRIN,NA,30.7,369.30827772660996,3.4242626545931514,3.6090466432534245,0.831283831193366,-0.18478398866027312,0,0,0,remained uninfested,0
080756,CECRIN,NA,31.4,458.16235103372753,3.4468078929142076,3.824638506547151,0.6853465792017576,-0.37783061363294357,0,0,1,gained infestation,1
719036,CECROB,NA,22.2,211.66213973832683,3.100092288878234,3.052406229938807,1.0488413292734053,0.04768605893942676,0,0,0,remained uninfested,0
002307,CEIBPE,NA,22.8,460.04335608359594,3.126760535960395,3.828735644403264,0.4956054619307868,-0.701975108442869,0,0,0,remained uninfested,0
005444,CEIBPE,NA,32.7,924.6210881110915,3.487375077903208,4.5267989261207635,0.35365838417986806,-1.0394238482175553,0,0,1,gained infestation,1
005027,CEIBPE,NA,36,1290.4009018211996,3.58351893845611,4.860123132686207,0.27898306603158457,-1.2766041942300967,0,1,0,remained uninfested,0
004722,CEIBPE,NA,36.9,970.447026872473,3.6082115510464816,4.5751717247893575,0.38023713791900826,-0.966960173742876,0,1,0,remained uninfested,0
007772,CEIBPE,NA,39.9,1481.9174669132224,3.686376323895818,4.998507020969266,0.26924576361941516,-1.312130697073449,0,0,0,remained uninfested,0
004146,CEIBPE,NA,41.1,1524.379261555952,3.716008121502189,5.0267574715808925,0.2696179424407069,-1.310749350078703,0,1,0,remained uninfested,0
001993,CEIBPE,NA,41.1,2158.497546970914,3.716008121502189,5.374582585550025,0.190410223341124,-1.658574464047836,0,1,0,remained uninfested,0
028183,CHIMPA,94,22.3,204.88594744723304,3.104586678466073,3.0198683774061594,1.0884104194477862,0.08471830105991343,0,1,0,remained uninfested,0
000673,CHR2CA,91,34.6,829.7825981322371,3.543853682063679,4.4185786435257945,0.4169766885673592,-0.8747249614621156,0,1,0,remained uninfested,0
257823,CORDAL,NA,26.9,274.7401105631315,3.292126286607793,3.313240505331161,0.9791071258165904,-0.02111421872336767,0,0,0,remained uninfested,0
258071,CORDAL,NA,28.3,374.8258372942142,3.342861804649192,3.62387639121145,0.7550173222927083,-0.28101458656225814,0,0,0,remained uninfested,0
173632,CORDBI,NA,16.4,233.0511018815925,2.797281334830153,3.1486726579044624,0.7037083226636033,-0.3513913230743097,0,4,4,gained infestation,1
217175,CORDBI,NA,20.3,215.72670010050723,3.0106208860477417,3.0714272362384674,0.9410054476586448,-0.06080635019072553,0,0,0,remained uninfested,0
236664,CORDBI,NA,23.3,262.7118826803086,3.1484533605716547,3.2684728355648742,0.8869031641158589,-0.12001947499321923,0,3,0,remained uninfested,0
004385,CORDBI,NA,26.7,299.6735976043737,3.2846635654062037,3.4001087813663817,0.8909693818021664,-0.1154452159601777,0,0,0,remained uninfested,0
004836,CORDBI,NA,27.5,349.9880949200251,3.3141860046725258,3.555314046396693,0.7857410123131177,-0.24112804172416724,0,0,0,remained uninfested,0
000805,CUPALA,NA,26.1,496.0125723472708,3.261935314328648,3.904016180883976,0.5261963396711392,-0.6420808665553285,0,0,1,gained infestation,1
004443,DENDAR,NA,17.9,285.19495382239205,2.884800712846709,3.3505879019196905,0.6276408386646068,-0.46578718907298117,0,2,1,gained infestation,1
001390,DENDAR,NA,21.5,451.4533317948347,3.068052935133617,3.809886911940061,0.4762397015550388,-0.7418339768064437,0,2,0,remained uninfested,0
001089,DENDAR,NA,30.7,775.4586917379504,3.4242626545931514,4.350869621586101,0.3958947178887822,-0.9266069669929496,0,0,0,remained uninfested,0
138502,DIPTPA,NA,35.1,496.84936884655434,3.55820113047182,3.9057018063726767,0.7064515364382035,-0.3475006759008564,0,0,0,remained uninfested,0
007221,DIPTPA,NA,39.9,736.2146139177391,3.686376323895818,4.298936578226201,0.5419615319461483,-0.6125602543303826,0,0,0,remained uninfested,0
007715,DIPTPA,NA,40.5,1201.9294559087753,3.7013019741124933,4.789098331451037,0.3369582116562579,-1.0877963573385436,0,0,0,remained uninfested,0
007173,DIPTPA,NA,41.4,1073.256821023028,3.7232808808312687,4.6758679695742655,0.38574178322517005,-0.9525870887429966,0,0,0,remained uninfested,0
005440,DIPTPA,NA,41.7,940.7096894251041,3.730501128804756,4.5440494861594765,0.4432823480906647,-0.813548357354721,0,0,0,remained uninfested,0
000684,DIPTPA,91,41.9,837.4839422319047,3.735285826928092,4.427816997066921,0.5003081000972508,-0.6925311701388286,NA,0,0,remained uninfested,0
001907,DIPTPA,NA,42.1,845.5993611072355,3.7400477406883357,4.43746058601207,0.49787171013083403,-0.6974128453237342,0,1,0,remained uninfested,0
003875,DIPTPA,NA,42.4,783.4290144430931,3.7471483622379123,4.361095364114388,0.5412104889954884,-0.6139470018764758,0,0,0,remained uninfested,0
001441,DIPTPA,NA,42.8,884.0863464574829,3.756538102587751,4.481969641861614,0.4841156089730237,-0.7254315392738632,NA,0,0,remained uninfested,0
007114,DIPTPA,NA,43.3,1004.6016124390634,3.768152635008444,4.6097612433764175,0.4310166285207557,-0.8416086083679732,0,2,0,remained uninfested,0
007927,DIPTPA,NA,43.9,959.9108754188952,3.7819143200811256,4.564255349052795,0.4573341247003008,-0.7823410289716696,0,0,0,remained uninfested,0
007168,DIPTPA,NA,44.4,940.2586010617165,3.7932394694381792,4.5435698519473355,0.4722105168712589,-0.7503303825091565,0,0,0,remained uninfested,0
000465,DIPTPA,NA,47.3,1026.9131271867375,3.856510295497887,4.631727524444047,0.46060371367128117,-0.7752172289461597,NA,0,0,remained uninfested,0
004186,DIPTPA,NA,48.4,1380.41819160218,3.879499813722586,4.927556676643532,0.3506183871992053,-1.0480568629209461,0,0,0,remained uninfested,0
001342,DIPTPA,NA,54.9,1718.455287069931,4.005513348515485,5.146595984377156,0.3194729616364228,-1.1410826358616715,0,0,0,remained uninfested,0
129082,DRYPST,NA,18.5,262.5518906049794,2.917770732084279,3.267863647996973,0.7046226160235138,-0.350092915912694,0,1,3,gained infestation,1
075514,DRYPST,NA,21.3,232.58798624678263,3.0587070727153796,3.1466834959147563,0.9157824676894567,-0.08797642319937671,0,0,0,remained uninfested,0
001262,DRYPST,NA,24.2,407.9741028996394,3.186352633162641,3.708618606110404,0.59317490566192,-0.5222659729477633,0,2,2,gained infestation,1
052503,EUGENE,NA,18.8,247.10153014530854,2.9338568698359038,3.2072142123945735,0.7608208653724089,-0.2733573425586697,0,1,4,gained infestation,1
012488,EUGENE,NA,19.5,259.59957503989494,2.970414465569701,3.2565552548541756,0.7511568536660072,-0.28614078928447434,0,1,0,remained uninfested,0
007361,EUGENE,NA,24.5,336.8904449715037,3.1986731175506815,3.5171726954000677,0.727239384960068,-0.31849957784938643,0,0,0,remained uninfested,0
141770,EUGEOE,51,17.7,216.47908448132674,2.8735646395797834,3.0749088423051454,0.8176309523115515,-0.2013442027253618,0,0,0,remained uninfested,0
108402,EUGEOE,NA,24.8,298.22815585135186,3.2108436531709366,3.395273724233329,0.8315780892385377,-0.1844300710623925,0,0,0,remained uninfested,0
285887,FICUOB,NA,32.6,927.6863376757675,3.484312288372662,4.530108584463674,0.3514118800291518,-1.0457962960910125,0,0,0,remained uninfested,0
000108,FICUYO,NA,38.5,915.0968578232565,3.6506582412937387,4.516444822223716,0.4207204917256525,-0.865786580929977,0,2,1,gained infestation,1
007626,GUAPST,NA,27.7,718.4274946539706,3.3214324131932926,4.274479695330032,0.3855643082443783,-0.9530472821367391,0,0,0,remained uninfested,0
004851,GUAPST,NA,28.2,482.13714153354994,3.339321977944068,3.875643506589923,0.5848958225932005,-0.5363215286458554,0,4,1,gained infestation,1
005048,GUAPST,NA,29.4,511.27567723477887,3.380994674344636,3.9343238375218674,0.575032244033378,-0.5533291631772314,0,1,0,remained uninfested,0
230141,GUAPST,NA,30.3,486.0786259030624,3.4111477125153233,3.883785299514745,0.6233559425433914,-0.47263758699942165,0,0,0,remained uninfested,0
010799,GUAPST,NA,30.9,496.61221316628075,3.4307561839036995,3.9052243733464334,0.6222158694605795,-0.4744681894427334,0,0,1,gained infestation,1
003761,GUARGR,NA,34.4,1092.3131553648207,3.5380565643793527,4.693467794511592,0.3149280023869233,-1.155411230132239,0,1,0,remained uninfested,0
006750,GUARGU,20,16.7,377.95260431147943,2.8154087194227095,3.6321837093447664,0.4418543438911495,-0.8167749899220572,0,0,0,remained uninfested,0
000133,GUARGU,NA,16.9,319.84026042540086,2.8273136219290276,3.4652365919942087,0.5283887643638826,-0.6379229700651811,0,0,0,remained uninfested,0
001377,GUARGU,NA,17.5,306.4842732791477,2.8622008809294686,3.4225813503941604,0.5709917775800815,-0.5603804694646919,0,0,2,gained infestation,1
004389,GUATDU,NA,20,268.10105410115597,2.995732273553991,3.2887788839863377,0.7459873690930694,-0.2930466104323467,0,3,1,gained infestation,1
228661,GUATDU,NA,20.4,228.547920431922,3.0155349008501706,3.1291608127789425,0.8925918013800781,-0.11362591192877203,0,0,0,remained uninfested,0
235969,GUATDU,11,29.1,406.17070228162265,3.370738174177447,3.7041884272133,0.716447538843489,-0.33345025303585335,0,0,0,remained uninfested,0
633214,GUAZUL,68,18.4,200.5192743293704,2.91235066461494,2.998325280450815,0.9176175238783476,-0.08597461583587489,0,2,0,remained uninfested,0
103333,GUAZUL,NA,19.3,371.0394057713344,2.9601050959108397,3.6137231789900475,0.5201603845790514,-0.6536180830792078,0,0,0,remained uninfested,0
446320,GUAZUL,NA,19.7,209.4714396688535,2.9806186357439426,3.0420023109119003,0.9404623385003265,-0.061383675167957424,0,0,0,remained uninfested,0
131222,GUAZUL,NA,23.6,288.6067991125432,3.1612467120315646,3.3624801120167382,0.8177215530808443,-0.20123339998517367,0,2,1,gained infestation,1
633191,GUAZUL,68,24,348.8404298799864,3.1780538303479458,3.552029503676749,0.6879936482206739,-0.3739756733288034,0,0,0,remained uninfested,0
156635,GUAZUL,NA,24.5,277.22548266571545,3.1986731175506815,3.3222460989050058,0.8837571410974019,-0.12357298135432437,0,0,1,gained infestation,1
067800,GUSTSU,NA,13.7,225.48427143288853,2.617395832834079,3.115665313772773,0.6075811812921756,-0.49826948093869367,0,0,0,remained uninfested,0
003685,GUSTSU,58,14.2,239.4423869745513,2.653241964607215,3.1757277394889774,0.593044538998403,-0.5224857748817624,0,0,1,gained infestation,1
000443,HEISCO,92,18.9,293.5433715280483,2.9391619220655967,3.37944030887643,0.6438571547916588,-0.44027838681083337,0,1,0,remained uninfested,0
005318,HEISCO,36,20.9,315.5332720421895,3.039749158970765,3.451679041563796,0.6623707181411123,-0.4119298825930307,0,2,1,gained infestation,1
036918,HIRTTR,NA,14.5,231.55937440047856,2.6741486494265287,3.1422512245395837,0.6261892889260644,-0.46810257511305503,0,1,0,remained uninfested,0
002271,HIRTTR,NA,16.7,215.21692291181935,2.8154087194227095,3.069061370267848,0.7759612847379328,-0.2536526508451387,0,0,0,remained uninfested,0
003863,HURACR,NA,35.8,962.938574333461,3.5779478934066544,4.567404531030806,0.37177864667827326,-0.9894566376241511,0,0,0,remained uninfested,0
006208,HURACR,NA,36.9,1235.312928632338,3.6082115510464816,4.816494507479819,0.29870973698019493,-1.208282956433337,0,0,0,remained uninfested,0
003632,HURACR,NA,38.4,1004.5013340592585,3.648057459593681,4.609661419342947,0.3822792334662511,-0.9616039597492659,0,0,0,remained uninfested,0
004700,HURACR,NA,39.6,1275.2825808613761,3.6788291182604347,4.8483379720898645,0.3105194142403529,-1.16950885382943,0,0,0,remained uninfested,0
004052,HURACR,NA,42.6,1537.434611183276,3.751854253275325,5.03528537647054,0.27708495496412167,-1.2834311231952154,0,0,0,remained uninfested,0
003650,HURACR,NA,43.6,1298.2986827888142,3.775057150354989,4.866224887805533,0.3358241102605519,-1.0911677374505446,0,0,0,remained uninfested,0
003971,HYERAL,NA,35.4,833.3533933353436,3.5667118201397288,4.422872700906823,0.4247897744595244,-0.8561608807670944,0,0,0,remained uninfested,0
004043,HYERAL,NA,36.9,835.0286577052917,3.6082115510464816,4.4248809518730114,0.4419010013548923,-0.8166694008265295,0,0,0,remained uninfested,0
421138,JAC1CO,NA,16.8,201.32076114323692,2.8213788864092133,3.0023143696701142,0.8344891954807897,-0.18093548326090103,0,0,0,remained uninfested,0
000160,JAC1CO,NA,24.9,480.3285759526023,3.214867803470662,3.8718853099564705,0.518395141297133,-0.6570175064858086,0,0,0,remained uninfested,0
257705,JAC1CO,NA,26.1,503.92494759339314,3.261935314328648,3.9198422504834336,0.5179342702647769,-0.6579069361547859,0,0,0,remained uninfested,0
194113,JAC1CO,NA,26.5,323.3602778495202,3.2771447329921766,3.476182019918442,0.8195193354061909,-0.19903728692626577,0,0,0,remained uninfested,0
206389,JAC1CO,19,26.7,267.9918410760088,3.2846635654062037,3.288371443307155,0.996298987789977,-0.0037078779009512212,0,0,0,remained uninfested,0
155642,JAC1CO,NA,27.4,439.97570275674224,3.3105430133940246,3.784134411386121,0.6227616622536349,-0.4735913979920967,0,1,0,remained uninfested,0
006091,JAC1CO,NA,27.8,533.5660234958644,3.3250360206965914,3.976997725471886,0.5210226809019347,-0.6519617047752948,0,0,0,remained uninfested,0
005390,JAC1CO,NA,28.2,613.9009866059267,3.339321977944068,4.117248562549902,0.45935746342271394,-0.7779265846058339,0,0,0,remained uninfested,0
000486,JAC1CO,NA,28.5,661.0860077071532,3.349904087274605,4.191298855953074,0.4311088068381094,-0.84139476867847,0,0,0,remained uninfested,0
185937,JAC1CO,28,28.9,423.6907473251641,3.3638415951183864,3.7464187266024367,0.6821012774635957,-0.3825771314840503,0,0,0,remained uninfested,0
206350,JAC1CO,19,29.1,474.67140655382906,3.370738174177447,3.8600376959772453,0.6130556759521174,-0.4892995217997984,0,0,0,remained uninfested,0
000192,JAC1CO,NA,29.1,549.5556908104302,3.370738174177447,4.006525023867902,0.5295186727497301,-0.6357868496904554,0,0,0,remained uninfested,0
180870,JAC1CO,28,29.7,480.7400561275386,3.391147045808654,3.872741607178842,0.6177974899624487,-0.4815945613701878,0,0,0,remained uninfested,0
006075,JAC1CO,NA,29.8,524.4387690101039,3.3945083935113587,3.959743586388012,0.5682264882180339,-0.5652351928766531,0,0,0,remained uninfested,0
041726,JAC1CO,NA,29.9,454.2752953463631,3.3978584803966405,3.816118298689701,0.6581911960940487,-0.41825981829306025,0,0,0,remained uninfested,0
156239,JAC1CO,NA,29.9,498.5773635073052,3.3978584803966405,3.90917367695911,0.5997063282148368,-0.5113151965624696,0,0,0,remained uninfested,0
155636,JAC1CO,NA,30.4,448.4959743029902,3.414442608412176,3.803314612551456,0.6778210227470779,-0.3888720041392801,0,0,0,remained uninfested,0
155537,JAC1CO,NA,31.4,448.0672122617707,3.4468078929142076,3.802358155537983,0.7007877198043099,-0.35555026262377526,0,0,0,remained uninfested,0
001237,JAC1CO,NA,31.6,628.1925554986354,3.4531571205928664,4.1402616435128,0.503030475662309,-0.6871045229199334,0,0,0,remained uninfested,0
000086,JAC1CO,NA,31.9,499.2889404866956,3.462606009790799,3.910599874230542,0.6389086040821292,-0.44799386443974326,0,0,0,remained uninfested,0
006277,JAC1CO,NA,31.9,841.3437363034877,3.462606009790799,4.432415206784019,0.37915537518773534,-0.9698091969932201,0,0,0,remained uninfested,0
005041,JAC1CO,NA,32.2,659.5431992443722,3.4719664525503626,4.188962380042161,0.4882166935674724,-0.7169959274917984,0,0,1,gained infestation,1
191432,JAC1CO,NA,33.1,589.8944290447289,3.4995332823830174,4.0773584940726595,0.5611173520252076,-0.5778252116896425,0,0,0,remained uninfested,0
005885,JAC1CO,28,33.1,664.8534349558269,3.4995332823830174,4.19698152480781,0.4978540872274982,-0.6974482424247923,0,0,0,remained uninfested,0
006898,JAC1CO,NA,34.1,583.0676884560293,3.529297384289471,4.065718190315097,0.5848377585507651,-0.5364208060256263,0,0,0,remained uninfested,0
007503,JAC1CO,NA,34.1,734.8889993007127,3.529297384289471,4.297134373454343,0.46401565450629995,-0.7678369891648715,0,0,0,remained uninfested,0
008302,JAC1CO,NA,35.9,889.6450959193443,3.580737295494233,4.488237521572836,0.40353170230092195,-0.907500226078603,0,0,0,remained uninfested,0
007708,JAC1CO,NA,36.7,802.9420859780181,3.6027767550605247,4.385697496282079,0.4570690793383662,-0.7829207412215539,0,0,0,remained uninfested,0
066921,LACMPA,74,18.5,236.84409347477856,2.917770732084279,3.1648169982339773,0.7811045539951393,-0.24704626614969805,0,0,0,remained uninfested,0
064185,LONCLA,77,26.1,269.33668904925446,3.261935314328648,3.2933771361226145,0.9690473322491542,-0.03144182179396659,0,0,0,remained uninfested,0
005654,LONCLA,31,30.3,410.05246160342796,3.4111477125153233,3.7137000136490603,0.7389298403798852,-0.30255230113373693,0,0,0,remained uninfested,0
006192,LONCLA,24,32.5,469.2732160245825,3.481240089335692,3.8486000559947846,0.6925603015514423,-0.36735996665909276,0,0,0,remained uninfested,0
004893,LUEHSE,NA,27.4,587.9060225527797,3.3105430133940246,4.0739820165406,0.46606088301366466,-0.7634390031465754,0,1,0,remained uninfested,0
002374,LUEHSE,NA,33.7,857.587851256242,3.517497837358316,4.451538531242958,0.3929626562530519,-0.934040693884642,0,0,0,remained uninfested,0
042275,MACRGL,82,20.5,323.5204295067696,3.0204248861443626,3.4766771704421795,0.6336539559883047,-0.45625228429781717,0,1,0,remained uninfested,0
435304,MICOAR,69,16.8,200.3279993023402,2.8213788864092133,2.997370926739912,0.8386246584854574,-0.17599204033069873,0,0,1,gained infestation,1
251599,MICOAR,NA,19.5,222.76751959065595,2.970414465569701,3.1035436216249863,0.8753520277925622,-0.13312915605528522,0,0,0,remained uninfested,0
004869,MYROFR,NA,32.7,464.4941112011219,3.487375077903208,3.8383637874639236,0.7039917021863209,-0.35098870956071576,0,0,0,remained uninfested,0
244145,NECTCI,NA,22.6,292.68342673579895,3.1179499062782403,3.376506477084305,0.772165347797458,-0.25855657080606465,0,1,0,remained uninfested,0
821506,OCHRPY,NA,24.4,321.03910341840714,3.1945831322991562,3.468977840219647,0.7600320253884996,-0.2743947079204907,0,0,0,remained uninfested,0
539281,OCOTOB,77,23.9,339.9573607352706,3.173878458937465,3.5262351071495743,0.703029343100803,-0.3523566482121094,0,0,0,remained uninfested,0
000913,OCOTWH,NA,30.9,861.1774135660818,3.4307561839036995,4.455715445452378,0.3588110825160292,-1.024959261548678,NA,0,0,remained uninfested,0
001364,OCOTWH,NA,31.7,814.5770387899714,3.456316680883235,4.4000839147250055,0.38915901738513714,-0.9437672338417705,0,1,1,gained infestation,1
002015,ORMOCR,NA,38.9,902.3746355645573,3.6609942506244004,4.502444679602676,0.4310848118604619,-0.8414504289782758,0,0,2,gained infestation,1
006831,PIT1MA,NA,37.1,924.0069485638194,3.6136169696133895,4.526134498710077,0.4015121321074955,-0.9125175290966868,0,0,0,remained uninfested,0
006444,PLA2EL,NA,34.9,683.1104536444964,3.5524868292083815,4.2240714718684975,0.5108983446791552,-0.6715846426601165,0,0,0,remained uninfested,0
005337,PLA2EL,NA,35.5,865.1398209135632,3.56953269648137,4.4603060435497035,0.41033829609776834,-0.8907733470683337,0,0,0,remained uninfested,0
007072,PLA2EL,NA,39.7,1188.2728062021479,3.681351187693145,4.777671015416791,0.3340983635473879,-1.0963198277236461,0,0,0,remained uninfested,0
001280,POULAR,82,26.5,324.5040266933352,3.2771447329921766,3.479712851989396,0.8166308526286237,-0.2025681189972198,0,0,0,remained uninfested,0
041568,POULAR,NA,26.9,435.0230274731064,3.292126286607793,3.7728138734133245,0.6183580707497831,-0.48068758680553125,NA,0,0,remained uninfested,0
000871,POULAR,NA,30.1,461.50103139450846,3.40452517175483,3.831899195820705,0.6522195607894403,-0.42737402406587494,0,0,0,remained uninfested,0
000363,POULAR,94,32.1,502.99256951041156,3.4688560301359703,3.9179903046514752,0.6381804015762017,-0.4491342745155049,0,1,0,remained uninfested,0
004621,POULAR,NA,32.2,831.0785110129589,3.4719664525503626,4.42013917515192,0.3874483526322089,-0.9481727226015578,0,0,2,gained infestation,1
001099,POULAR,NA,32.3,963.5527979218924,3.475067230228611,4.568042191409762,0.33521774903940765,-1.0929749611811508,0,1,3,gained infestation,1
218488,POULAR,NA,32.7,495.7731521739514,3.487375077903208,3.903533374624417,0.6595758535251741,-0.41615829672120924,0,0,0,remained uninfested,0
000954,POULAR,NA,34.3,505.0667253155335,3.535145354171894,3.922105456890692,0.6791181893555063,-0.38696010271879805,0,0,0,remained uninfested,0
400788,POURBI,1,19.2,436.92848994181304,2.954910279033736,3.7771844501342047,0.43943117562686096,-0.822274171100469,0,0,0,remained uninfested,0
004520,POUTFO,49,33.4,427.08609426259164,3.5085558999826545,3.7544005258185162,0.7820437248763287,-0.24584462583586142,0,0,0,remained uninfested,0
211500,POUTRE,19,20.7,371.8639953440888,3.0301337002713233,3.615943090515956,0.5566551281966978,-0.5858093902446327,0,2,0,remained uninfested,0
187351,POUTRE,NA,26.1,449.12828806223,3.261935314328648,3.80472347345315,0.5811257205064682,-0.5427881591245025,0,1,1,gained infestation,1
005674,POUTRE,NA,28.1,359.1090441145186,3.3357695763397,3.5810409934249314,0.7824921276847322,-0.2452714170852315,0,1,0,remained uninfested,0
004899,POUTRE,NA,29.4,544.0249219708279,3.380994674344636,3.9964099652589136,0.5404164186723877,-0.6154152909142779,0,0,2,gained infestation,1
000075,POUTRE,NA,29.5,531.0585151130921,3.3843902633457743,3.972287120129637,0.5554943412161991,-0.587896856783863,0,1,0,remained uninfested,0
005949,POUTRE,23,30.5,445.02741716088735,3.417726683613366,3.7955507988717776,0.685351032854984,-0.3778241152584118,0,0,0,remained uninfested,0
001462,POUTRE,NA,32.3,560.007520604163,3.475067230228611,4.025365120295263,0.5767779683593035,-0.5502978900666528,0,1,2,gained infestation,1
000273,POUTRE,NA,34.7,472.1380440608469,3.5467396869528134,3.8546863160622067,0.7349545421408158,-0.3079466291093929,0,1,1,gained infestation,1
165795,POUTST,NA,17,222.4231708324569,2.833213344056216,3.1019966493531976,0.7643088593861235,-0.2687833052969817,0,0,0,remained uninfested,0
272969,PRI2CO,NA,15.3,202.26620779014945,2.72785282839839,3.0069995971386665,0.7564288749544216,-0.2791467687402769,0,1,4,gained infestation,1
138876,PRI2CO,NA,17.4,208.7610011793893,2.856470206220483,3.0386049696088566,0.8334890090437964,-0.18213476338837342,0,3,0,remained uninfested,0
137753,PRI2CO,NA,17.8,267.9694744925244,2.8791984572980396,3.2882879798822855,0.6642547638573129,-0.40908952258424613,0,2,1,gained infestation,1
077147,PRI2CO,72,18.2,292.9721229206977,2.9014215940827497,3.3774923678812145,0.6212195146268716,-0.47607077379846485,0,1,2,gained infestation,1
146718,PRI2CO,51,26,449.95140937140735,3.258096538021482,3.8065545047654985,0.5778401724826823,-0.5484579667440166,0,0,1,gained infestation,1
005565,PRI2CO,NA,30.5,942.6245633672917,3.417726683613366,4.546082980319314,0.3235646638683628,-1.1283562967059477,0,0,0,remained uninfested,0
005847,PRI2CO,NA,31.7,941.2371273354263,3.456316680883235,4.544610009888877,0.3367907945762869,-1.0882933290056422,0,1,0,remained uninfested,0
005517,PRI2CO,NA,32.7,835.3847910912326,3.487375077903208,4.425307353362527,0.3914363817575035,-0.9379322754593189,0,2,1,gained infestation,1
005966,PRI2CO,NA,33.3,590.9099342213888,3.505557396986398,4.079078517234183,0.56353765728913785,-0.5735211202477845,0,1,0,remained uninfested,0
005655,PRI2CO,31,33.7,808.1787305197645,3.517497837358316,4.392198142204007,0.41698696992837836,-0.8747003048456914,0,0,0,remained uninfested,0
003961,PRI2CO,NA,34.4,887.5339200636841,3.5380565643793527,4.485861647415234,0.3875908201630385,-0.9478050830358817,0,1,0,remained uninfested,0
003245,PRI2CO,NA,34.9,839.6086022465693,3.5524868292083815,4.430350740548551,0.4156698717309099,-0.87786391134017006,0,0,2,gained infestation,1
000141,PRI2CO,NA,34.9,948.5860625299272,3.5524868292083815,4.552387427668007,0.36791601077207403,-0.9999005984596256,0,1,1,gained infestation,1
002471,PRI2CO,69,35.4,983.5129644453822,3.5667118201397288,4.5885457266957035,0.35993424875657426,-1.0218339065559745,0,1,0,remained uninfested,0
005968,PRI2CO,NA,36.1,570.1655324847961,3.586292865338835,4.04334163354241,0.6331494617479817,-0.4570487682035755,0,1,2,gained infestation,1
004583,PRI2CO,NA,36.2,1009.6536962020856,3.5890591188317256,4.61477758299873,0.35853877558384584,-1.025718464167005,0,1,0,remained uninfested,0
006648,PRI2CO,NA,36.3,830.9656604089154,3.591817741270805,4.4200033777932735,0.4368411563738614,-0.8281856365224682,0,0,0,remained uninfested,0
004920,PRI2CO,NA,36.7,890.1654533234712,3.6027767550605247,4.488822255065033,0.41228290609323204,-0.886045500004508,0,0,0,remained uninfested,0
001669,PRI2CO,NA,37.1,836.7914263329487,3.6136169696133895,4.426989754486099,0.44336018310539405,-0.81337278487271,0,1,0,remained uninfested,0
006967,PRI2CO,NA,37.1,1012.8311446802118,3.6136169696133895,4.617919708989621,0.36629995231548534,-1.004302739376232,0,0,0,remained uninfested,0
004652,PRI2CO,NA,37.2,1091.9999218405464,3.616308761279101,4.693180991736211,0.3406593650418954,-1.0768722304571101,0,0,0,remained uninfested,0
007344,PRI2CO,11,37.9,988.9292549445815,3.634951112088381,4.594037704163749,0.3832427831465444,-0.9590865920753682,0,0,0,remained uninfested,0
006937,PRI2CO,NA,38.5,1136.1496316473633,3.6506582412937387,4.732815215612437,0.33886381624026773,-1.082156974318698,0,0,0,remained uninfested,0
004035,PRI2CO,NA,39.7,1095.1958512271428,3.681351187693145,4.696103392831257,0.36249224241962774,-1.0147522051381122,0,1,0,remained uninfested,0
005262,PRI2CO,NA,40.1,964.8725623480154,3.6913763343125234,4.569410939881296,0.41559892533804393,-0.8780346055687719,0,1,0,remained uninfested,0
003764,PRI2CO,NA,40.8,848.2031361664359,3.708682081410116,4.440535061477048,0.48101684915244347,-0.7318529800669323,0,0,0,remained uninfested,0
008530,PROTTE,NA,21.4,447.8712935204069,3.0633909220278057,3.801920806895811,0.4778158437391551,-0.7385298848680053,0,0,0,remained uninfested,0
000672,PROTTE,91,21.5,296.4740579404323,3.068052935133617,3.3893746273171743,0.7251899255320271,-0.32132169218355733,0,0,0,remained uninfested,0
000966,PROTTE,NA,25.1,344.7754114711386,3.2228678461377385,3.5403081308139464,0.728010152838325,-0.31744028467620805,0,0,0,remained uninfested,0
004873,PSE1SE,NA,25.1,428.5678123080678,3.2228678461377385,3.757863887617446,0.5856716085331519,-0.534996041479708,0,0,0,remained uninfested,0
002768,PSE1SE,NA,34.4,1131.6060057593168,3.5380565643793527,4.728808053735752,0.30399273090564166,-1.1907514893563995,0,1,0,remained uninfested,0
004850,PSE1SE,NA,35.6,1301.4732234214991,3.572345637857985,4.86866705759966,0.2735361693144145,-1.296321419741675,0,0,0,remained uninfested,0
018944,QUARAS,NA,18.1,230.0316800809396,2.89591193827178,3.135631945926284,0.7868481416834101,-0.23972000765450405,0,0,0,remained uninfested,0
171109,QUARAS,36,19.2,279.71781553259046,2.954910279033736,3.3311962003323274,0.6864060468741566,-0.3762859212985919,0,0,0,remained uninfested,0
000085,QUARAS,NA,23.5,491.457871553064,3.1570004211501135,3.894791128887095,0.47816916485104344,-0.7377907077369815,0,0,0,remained uninfested,0
239332,QUARAS,NA,24.3,379.0870530373984,3.190476350346503,3.635180777104904,0.641013714535978,-0.44470442675840116,0,0,0,remained uninfested,0
007664,QUARAS,NA,24.5,415.74609210105126,3.1986731175506815,3.7274896253981367,0.5893019914194414,-0.5288165078474555,0,0,0,remained uninfested,0
002176,QUARAS,74,24.9,410.21221947448237,3.214867803470662,3.7140895412655963,0.6070028833343646,-0.4992217377949345,0,0,0,remained uninfested,0
007669,QUARAS,NA,25.1,440.9074848147028,3.2228678461377385,3.786249975444175,0.5692804242266064,-0.5633821293064368,0,0,0,remained uninfested,0
002337,QUARAS,72,25.3,531.6189789488152,3.2308043957334744,3.9733419347668546,0.4759047551316995,-0.74253753903338,0,0,0,remained uninfested,0
005016,QUARAS,NA,25.4,589.0131021140986,3.2347491740244907,4.075863335086021,0.4312297962275163,-0.84111416106153,0,0,0,remained uninfested,0
005896,QUARAS,28,25.7,719.5248262311289,3.246490991901174,4.27600593757636,0.35718017034403937,-1.0295149456751858,0,0,0,remained uninfested,0
000781,QUARAS,NA,26.5,426.9999152508793,3.2771447329921766,3.7541987217588666,0.6206090224732294,-0.4770539887666902,0,2,2,gained infestation,1
000612,QUARAS,91,26.5,517.0955013723648,3.2771447329921766,3.945642486645601,0.5124778678149267,-0.6684977536534247,NA,0,0,remained uninfested,0
006712,QUARAS,19,26.7,563.9999355042569,3.2846635654062037,4.0324690441498525,0.4734043094548984,-0.7478054787436484,0,0,0,remained uninfested,0
001292,QUARAS,82,27.3,390.4182695009325,3.3068867021909143,3.6646335573273405,0.6992500641657292,-0.3577468551364265,0,0,0,remained uninfested,0
004999,QUARAS,NA,27.3,395.5703607254906,3.3068867021909143,3.6777435816157684,0.6901427081121749,-0.3708568794248545,0,2,0,remained uninfested,0
001728,QUARAS,77,27.7,418.41149741071507,3.3214324131932926,3.73388029885023,0.6620276969303625,-0.4124478856569372,NA,0,0,remained uninfested,0
001979,QUARAS,74,28.3,544.1219585422292,3.342861804649192,3.996588317232156,0.520103986904319,-0.6537265125829641,0,0,0,remained uninfested,0
004521,QUARAS,49,28.4,530.0016817337176,3.3463891451671604,3.970295086629574,0.5358473563159121,-0.6239059414624133,0,1,0,remained uninfested,0
002134,QUARAS,NA,28.5,550.9156578764569,3.349904087274605,4.008996633437691,0.5173205660891044,-0.6590925461630865,0,0,3,gained infestation,1
006752,QUARAS,20,28.7,581.214271977423,3.3568971227655755,4.062534394452588,0.4937937931626503,-0.7056372716870128,0,0,0,remained uninfested,0
007274,QUARAS,NA,29.3,445.9582627321049,3.3775875160230218,3.797640273328863,0.6570121567094056,-0.42005275730584163,0,1,0,remained uninfested,0
003738,QUARAS,59,29.8,606.9999356235369,3.3945083935113587,4.10594359200867,0.49093909654847223,-0.7114351984973121,0,1,2,gained infestation,1
003402,QUARAS,NA,30,568.1576869499129,3.4011973816621555,4.039813905067961,0.5280224256236229,-0.6386165234058052,0,0,0,remained uninfested,0
000360,QUARAS,94,30.2,443.6670225633577,3.407841924380824,3.7924892389039893,0.6806906635862777,-0.38464731452316525,0,0,0,remained uninfested,0
000784,QUARAS,NA,30.3,740.0115517811329,3.4111477125153233,4.304080703597371,0.40945306768618633,-0.8929329910820479,0,0,0,remained uninfested,0
000970,QUARAS,NA,30.5,526.9617991405381,3.417726683613366,3.9645429655206197,0.5787895830351414,-0.5468162819072538,0,0,0,remained uninfested,0
000268,QUARAS,NA,30.7,566.9999399321816,3.4242626545931514,4.037774104793986,0.5414462654735378,-0.6135114502008343,0,0,0,remained uninfested,0
000757,QUARAS,NA,30.7,883.4124220617164,3.4242626545931514,4.4812070677196365,0.347516055166533,-1.0569444131264853,0,3,0,remained uninfested,0
002563,QUARAS,NA,30.8,767.436752839925,3.427514689979529,4.3404709763484615,0.4013360043811244,-0.9129562863689324,NA,0,0,remained uninfested,0
003639,QUARAS,NA,30.8,853.9459014208151,3.427514689979529,4.447282751505583,0.3606785857131493,-1.0197680615260536,0,0,0,remained uninfested,0
001241,QUARAS,NA,30.9,644.999925938997,3.4307561839036995,4.166665108978459,0.4790698224502195,-0.7359089250747599,0,0,0,remained uninfested,0
001326,QUARAS,NA,31.1,598.2257115006341,3.4372078191851885,4.0913830337235195,0.5198706675777348,-0.6541752145383305,0,0,0,remained uninfested,0
007475,QUARAS,NA,31.7,716.1432512982802,3.456316680883235,4.27129512560058,0.4426488686799991,-0.8149784447173452,0,0,0,remained uninfested,0
005945,QUARAS,23,31.9,623.264146360643,3.462606009790799,4.132385326882707,0.5118215155848466,-0.669779317091908,0,1,2,gained infestation,1
001261,QUARAS,NA,31.9,656.770775004292,3.462606009790799,4.184749968119316,0.48570979730015446,-0.7221439583285177,NA,0,0,remained uninfested,0
000867,QUARAS,NA,32.1,552.1300370905496,3.4688560301359703,4.01119849997915,0.5813847797368716,-0.5423424698431798,0,1,0,remained uninfested,0
001036,QUARAS,NA,32.3,459.9012864057042,3.475067230228611,3.8284267786901345,0.7023246282356861,-0.35335954846152356,NA,0,0,remained uninfested,0
003231,QUARAS,NA,32.4,740.2164826988184,3.4781584227982836,4.304357594609055,0.43770978838339397,-0.8261991718107713,NA,0,0,remained uninfested,0
001378,QUARAS,NA,32.9,680.1660082359913,3.493472657771326,4.219751805140097,0.4837054425187471,-0.726279147368771,0,0,0,remained uninfested,0
001098,QUARAS,NA,32.9,926.236426937827,3.493472657771326,4.528544429730559,0.35520088654652304,-1.0350717719592328,0,0,0,remained uninfested,0
004473,QUARAS,NA,33.1,586.3785364287022,3.4995332823830174,4.071380454638227,0.564481780004999,-0.5718471722552099,0,1,0,remained uninfested,0
000361,QUARAS,94,33.1,812.9092801595511,3.4995332823830174,4.398034423807909,0.40717950708476847,-0.8985011414248916,0,0,0,remained uninfested,0
001130,QUARAS,NA,33.6,630.7331538263835,3.5145260669691587,4.144297786007763,0.5327133954535833,-0.62977171903860385,0,0,0,remained uninfested,0
000366,QUARAS,94,33.8,734.9522594332503,3.520460802488973,4.297220450957203,0.45989381713125776,-0.7767596484682304,NA,0,0,remained uninfested,0
003191,QUARAS,NA,34.3,780.3758950103726,3.535145354171894,4.357190627285007,0.4395317720512637,-0.8220452731131132,0,0,2,gained infestation,1
003406,QUARAS,NA,34.4,773.1435405897323,3.5380565643793527,4.347879631226171,0.44493678332694386,-0.8098230668468178,0,0,0,remained uninfested,0
001449,QUARAS,NA,34.5,714.6853495852207,3.5409593240373143,4.2692572823303365,0.48272991771865253,-0.7282979582930224,NA,0,0,remained uninfested,0
002591,QUARAS,NA,36.4,779.9809264758538,3.594568774642695,4.356684373154522,0.46667807845589476,-0.7621155985118266,NA,0,0,remained uninfested,0
000952,QUARAS,NA,37.1,800.0573445501136,3.6136169696133895,4.382098312792586,0.46371676046373883,-0.7684813431791965,NA,0,0,remained uninfested,0
003928,QUARAS,NA,37.4,937.0729396522,3.6216707044204863,4.540176030027084,0.3991151426684162,-0.9185053256065979,NA,0,0,remained uninfested,0
001227,QUARAS,NA,38.7,752.9477974813038,3.655839600035736,4.3214108063486405,0.5139798553027968,-0.6655712063129042,NA,0,0,remained uninfested,0
003000,QUARAS,NA,39.6,638.6216392036933,3.6788291182604347,4.156727072092579,0.6200854710995672,-0.4778979538321441,NA,0,0,remained uninfested,0
000977,SAPISP,NA,29.1,420.46114427004574,3.370738174177447,3.738766978511061,0.6920972460016475,-0.3680288043336141,0,0,0,remained uninfested,0
006747,SIMAAM,20,29.5,625.4037625212483,3.3843902633457743,4.1358123681952375,0.47169527540214834,-0.7514221048494637,0,0,0,remained uninfested,0
233694,SIMAAM,NA,31.5,589.5599244966304,3.449987545831587,4.076791274907182,0.5342968321141379,-0.6268037290755953,0,0,0,remained uninfested,0
000237,SLOATE,NA,25.7,306.63996368368,3.246490991901174,3.4230892096451657,0.8381164572048835,-0.17659821774399165,0,0,0,remained uninfested,0
001336,SLOATE,NA,27.5,313.9405556135712,3.3141860046725258,3.446618561659601,0.8759620096312022,-0.1324325569870753,0,1,0,remained uninfested,0
257846,SPONMO,NA,29.1,557.1146113845111,3.370738174177447,4.020185891268237,0.5223341733522704,-0.6494477170907895,0,4,4,gained infestation,1
001087,SPONRA,NA,24.9,352.5259962959456,3.214867803470662,3.562539274896294,0.7063308879807106,-0.34767147142563193,0,1,0,remained uninfested,0
007823,SPONRA,NA,27.1,646.6082101228598,3.299533727885655,4.169155469591962,0.4191100511212319,-0.8696217417063066,0,0,0,remained uninfested,0
006165,STERAP,NA,25.1,429.9611211694352,3.2228678461377385,3.7611096957207657,0.5837737126494472,-0.5382418495830272,0,0,0,remained uninfested,0
007284,STERAP,NA,38.9,989.8822260182529,3.6609942506244004,4.595000879439931,0.3929760427811005,-0.9340066288155306,0,0,0,remained uninfested,0
007831,SYMPGL,NA,28.9,452.59805741469194,3.3638415951183864,3.8124193481384956,0.6385356615333512,-0.4485777530201094,0,0,0,remained uninfested,0
001078,TAB1GU,82,32.2,556.0940362020995,3.4719664525503626,4.0183523168155855,0.5790387579034864,-0.5463858642652227,0,1,0,remained uninfested,0
000308,TAB1GU,NA,40.3,633.598241922761,3.696351468952637,4.148829972759204,0.636049744672631,-0.4524785038065664,0,1,0,remained uninfested,0
002603,TAB1RO,NA,38.4,539.4265033095719,3.648057459593681,3.987921451301639,0.7118671360120878,-0.33986399170795817,0,1,0,remained uninfested,0
002254,TAB1RO,NA,43.5,894.7767206771302,3.7727609380946383,4.493989120053204,0.48615480258673904,-0.7212281819585654,0,0,0,remained uninfested,0
006189,TAB2AR,24,25.3,374.7056763156235,3.2308043957334744,3.623555761651683,0.6751966036054711,-0.3927513659182085,0,0,0,remained uninfested,0
150579,TAB2AR,NA,25.7,452.44778248317243,3.246490991901174,3.8120872656598506,0.5680213495345364,-0.5655962737586763,0,0,0,remained uninfested,0
005044,TAB2AR,NA,27.1,488.5200178646834,3.299533727885655,3.888795355877832,0.5547367356296649,-0.589261627992177,0,0,0,remained uninfested,0
004133,TAB2AR,NA,27.2,442.0840976287282,3.3032169733019514,3.7889150371136924,0.6152675508098269,-0.485698063811741,0,4,1,gained infestation,1
006020,TAB2AR,NA,35.5,843.4119613876908,3.56953269648137,4.434870430560377,0.42090937317975424,-0.8653377340790064,0,1,0,remained uninfested,0
214063,TACHVE,NA,21.3,287.1454789599842,3.0587070727153796,3.3574038896684906,0.7417842717617125,-0.29869681695311096,0,2,2,gained infestation,1
212886,TACHVE,20,30.1,471.81590274755666,3.40452517175483,3.8540037799556828,0.6379606923954171,-0.44947860820085267,0,0,0,remained uninfested,0
146382,TACHVE,51,34.4,868.5128263584609,3.5380565643793527,4.464197260981586,0.39607935491561874,-0.9261406966022339,0,0,0,remained uninfested,0
147736,TERMAM,49,32.7,445.6146307101829,3.487375077903208,3.7968694288102265,0.7338179167924875,-0.30949435090701855,0,1,1,gained infestation,1
141788,TERMOB,51,20.8,290.8950260249961,3.0349529867072724,3.370377373787522,0.715034570519356,-0.33542438708024946,0,1,0,remained uninfested,0
000230,TERMOB,NA,32.3,430.45707248156174,3.475067230228611,3.7622625104118357,0.7503651830783553,-0.2871952801832248,0,0,0,remained uninfested,0
000272,TERMOB,NA,38.7,484.2632090399846,3.655839600035736,3.8800434862364446,0.799152181655919,-0.22420388620070864,0,0,0,remained uninfested,0
001722,TET2PA,77,27.3,568.7300011971482,3.3068867021909143,4.040820713922602,0.48001687870404,-0.7339340117316883,0,0,0,remained uninfested,0
002270,TET2PA,NA,34.5,492.0900195364605,3.5409593240373143,3.8960765732994482,0.7010912359591919,-0.3551172492621343,0,0,0,remained uninfested,0
268441,TRATAS,NA,14.9,251.30051250097145,2.7013612129514133,3.224064390952432,0.5929156232796143,-0.5227031780010187,0,1,0,remained uninfested,0
515114,TRATAS,28,20.7,281.94079024926094,3.0301337002713233,3.339111992243511,0.734196707815827,-0.3089782919721873,0,1,1,gained infestation,1
005159,TRATAS,NA,26.1,403.50138072820454,3.261935314328648,3.6975948165891728,0.6468379352976926,-0.4356595022605249,0,0,3,gained infestation,1
014900,TRATAS,NA,27.7,478.38291955775844,3.3214324131932926,3.8678264057394443,0.5790340513329215,-0.5463939925461517,0,0,0,remained uninfested,0
016852,TRI2TU,NA,16.1,217.54381539088553,2.7788192719904172,3.079815187319389,0.7400807957271189,-0.30099591532897124,0,0,0,remained uninfested,0
191898,TRI2TU,24,19.1,236.687556433129,2.9496883350525844,3.1641558510967918,0.8069710249172435,-0.2144675160442076,0,1,0,remained uninfested,0
075695,TRI2TU,NA,19.9,210.9055396515313,2.990719731730447,3.048825260867062,0.9435503701268243,-0.05810552913661564,0,0,0,remained uninfested,0
017999,TRI2TU,82,20.7,226.96882711113412,3.0301337002713233,3.122227589555735,0.9120195166653592,-0.09209388928441171,0,1,4,gained infestation,1
235346,TRI2TU,NA,21.5,258.1399169126792,3.068052935133617,3.250916658543723,0.832881650274676,-0.18286372341010573,0,1,0,remained uninfested,0
076571,TRI2TU,NA,21.7,256.16899504044164,3.077312260546414,3.243252270567738,0.8470970499991305,-0.16594001002132425,0,1,3,gained infestation,1
075482,TRI2TU,NA,22.9,262.82132121685106,3.131136910560194,3.2688893212876136,0.8713143931388068,-0.13775241072741992,0,1,0,remained uninfested,0
082137,TRI2TU,72,24.2,265.9219165534099,3.186352633162641,3.2806176259026683,0.9100415758751301,-0.09426499274002766,0,0,0,remained uninfested,0
005989,TRI2TU,24,24.5,304.35512327392314,3.1986731175506815,3.4156100952982857,0.8049806994032335,-0.21693697774760448,0,0,0,remained uninfested,0
000093,TRI2TU,NA,25.2,423.30603468011475,3.2268439945173775,3.745510310703631,0.5953139793776674,-0.5186663161862536,0,1,0,remained uninfested,0
001773,TRI2TU,77,25.5,407.21463590209856,3.2386784521643803,3.7067553143814553,0.6262053902731197,-0.46807686221707484,0,0,0,remained uninfested,0
007498,TRI2TU,NA,26.7,402.09664907959916,3.2846635654062037,3.694107387324593,0.6640194605231454,-0.40944382191838946,0,0,0,remained uninfested,0
001783,TRI2TU,77,27.1,454.96257888545176,3.299533727885655,3.817630078366866,0.5956533846451382,-0.5180963504812108,0,0,0,remained uninfested,0
002170,TRI2TU,74,27.1,602.5276510039708,3.299533727885655,4.098548465100201,0.4497718893870549,-0.799014737214546,0,3,3,gained infestation,1
002006,TRI2TU,NA,27.3,425.4548328807359,3.3068867021909143,3.7505736986934273,0.6416662331733995,-0.44368699650251314,0,0,0,remained uninfested,0
006744,TRI2TU,20,27.5,451.45800155802937,3.3141860046725258,3.809897255731355,0.6091375034907918,-0.4957112510588294,0,1,0,remained uninfested,0
213134,TRI2TU,20,27.7,438.38575592293336,3.3214324131932926,3.7805141510602116,0.6318635956061848,-0.4590817378669186,0,1,0,remained uninfested,0
005219,TRI2TU,36,29.3,439.78498007957927,3.3775875160230218,3.783700832837155,0.6662346675572721,-0.4061133168141333,0,1,0,remained uninfested,0
003413,TRI2TU,NA,29.4,454.3054162676282,3.380994674344636,3.816184601927027,0.6471417453381331,-0.4351899275823914,0,0,0,remained uninfested,0
211619,TRIPCU,19,25.3,208.544081415816,3.2308043957334744,3.037565347556991,1.2131727655964657,0.1932390481764834,0,0,0,remained uninfested,0
061231,UNONPI,NA,20.7,208.96687037393855,3.0301337002713233,3.03959063144871,0.9905876449677459,-0.009456931177386387,0,1,3,gained infestation,1
092519,VIROSE,65,19.4,227.3388971724421,2.9652730660692823,3.1238567502473953,0.8533515487798212,-0.15858368417811303,0,0,0,remained uninfested,0
026173,VIROSE,NA,22.5,322.7517536515083,3.1135153092103742,3.4742983701850503,0.6971302168134588,-0.36078306097467594,0,2,3,gained infestation,1
225889,VIROSE,NA,23.1,359.8774856695543,3.139832617527748,3.583178562950368,0.64188511145737015,-0.4433459454226202,0,0,4,gained infestation,1
002507,VIROSE,72,24.4,316.4134547135632,3.1945831322991562,3.454464666374468,0.771142934553411,-0.25988153407531184,0,0,2,gained infestation,1
448749,VIROSE,NA,33.3,469.05508465878745,3.505557396986398,3.848135119853424,0.7099379388291669,-0.3425777228670263,0,0,0,remained uninfested,0
004079,VIROSP,NA,34.8,438.77382562190763,3.5496173867804286,3.7813989837234083,0.7931193240771667,-0.2317815969429797,0,0,1,gained infestation,1
000039,VIROSU,NA,24.9,490.120264139611,3.214867803470662,3.892065705015503,0.5080385738327119,-0.677197901544841,0,3,3,gained infestation,1
027972,VIROSU,94,25.9,499.73213960223546,3.254242968705492,3.911487141082961,0.5182776521160966,-0.6572441723774689,0,0,0,remained uninfested,0
043022,VIROSU,NA,30.8,454.94123838317245,3.427514689979529,3.817583171206179,0.6770105104004405,-0.39006848122665005,0,0,0,remained uninfested,0
007665,VIROSU,NA,31.3,444.4414252705634,3.4436180975461075,3.794233176607457,0.704254784102212,-0.3506150790613492,0,1,0,remained uninfested,0
008527,VIROSU,NA,33.1,775.8724816366846,3.4995332823830174,4.351403085898105,0.42661649669770907,-0.851869803515088,0,0,0,remained uninfested,0
006896,VIROSU,NA,34.1,551.7763403826469,3.529297384289471,4.010557690709046,0.618004026347927,-0.48126030641957424,0,0,0,remained uninfested,0
042267,VIROSU,82,35.5,551.7250697194925,3.56953269648137,4.010464767106552,0.6434364133217452,-0.44093207062518236,0,0,0,remained uninfested,0
000588,VIROSU,94,36,624.0648202254732,3.58351893845611,4.133669148546841,0.5768631532056763,-0.5501502100907308,0,0,0,remained uninfested,0
004078,VIROSU,NA,37.9,654.5993551544898,3.634951112088381,4.181438283974,0.5789800998361104,-0.5464871718856195,0,1,0,remained uninfested,0
000740,VIROSU,NA,39.7,916.2808899350824,3.681351187693145,4.517737873073818,0.433273250987617,-0.8363866853806735,0,0,0,remained uninfested,0
004308,VIROSU,NA,40.4,852.7577530015939,3.6988297849671046,4.445890420027196,0.47375705301766385,-0.7470606350600909,0,1,0,remained uninfested,0
182549,VOCHFE,NA,18,233.7215612798794,2.8903717578961645,3.1515454047994327,0.7701471743313046,-0.2611736469032682,0,0,0,remained uninfested,0
125725,VOCHFE,NA,20.4,450.7309618509994,3.0155349008501706,3.8082855315939503,0.45259815115039154,-0.7927506307437798,0,1,1,gained infestation,1
198534,VOCHFE,24,28.5,530.0630217304457,3.349904087274605,3.9704108154083855,0.5376719150669819,-0.6205067281337805,0,0,0,remained uninfested,0
704470,ZANTBE,NA,20.3,244.24297020365788,3.0106208860477417,3.1955784163628,0.8311395813387459,-0.18495753031505824,0,0,0,remained uninfested,0
273116,ZANTBE,NA,24.7,230.1412466558118,3.2068032436339315,3.136108143331984,1.0732539411737927,0.07069510030194719,0,0,0,remained uninfested,0
257908,ZANTBE,NA,25.6,597.2723172215872,3.242592351485517,4.089788059146805,0.42861521054729274,-0.8471957076612879,0,0,0,remained uninfested,0
446315,ZANTBE,NA,26.1,400.60890929678936,3.261935314328648,3.6904005698725197,0.6515082264599346,-0.42846525554387205,0,0,0,remained uninfested,0
446326,ZANTBE,NA,26.1,451.6374528348627,3.261935314328648,3.810294669489385,0.5778971570265949,-0.5483593551607374,0,0,0,remained uninfested,0
195512,ZANTBE,NA,26.7,433.14527562794626,3.2846635654062037,3.7684880882710696,0.6164213602766889,-0.48382452286486594,0,0,0,remained uninfested,0
239474,ZANTBE,NA,28.1,404.53096222631063,3.3357695763397,3.700143185015942,0.6946316258551243,-0.3643736086762417,0,0,0,remained uninfested,0
220889,ZANTBE,NA,28.3,475.2379947613368,3.342861804649192,3.8612306271639776,0.5954911078650642,-0.5183688225147858,0,0,0,remained uninfested,0
195568,ZANTBE,NA,28.9,349.00894433352306,3.3638415951183864,3.552512457342795,0.8280590073468811,-0.1886708622244084,0,0,0,remained uninfested,0
155462,ZANTBE,NA,29.5,598.2328689146805,3.3843902633457743,4.091394998055864,0.49311900988521695,-0.7070047347100897,0,0,0,remained uninfested,0
007318,ZANTBE,NA,29.6,613.9556978626068,3.3877743613300146,4.117337679231691,0.48211947707380015,-0.7295633179016762,0,0,0,remained uninfested,0
233400,ZANTBE,NA,30.1,480.29486323094676,3.40452517175483,3.871815120701671,0.626698353538847,-0.4672899489468413,0,0,0,remained uninfested,0
239470,ZANTBE,NA,31.1,396.98934147823735,3.4372078191851885,3.6813243396708693,0.7833963472217019,-0.24411652048568064,0,0,0,remained uninfested,0
268199,ZANTBE,NA,31.7,507.8095334841957,3.456316680883235,3.927521350192849,0.6242498005600476,-0.471204669309614,0,0,0,remained uninfested,0
295666,ZANTP1,NA,25.6,438.9550436825811,3.242592351485517,3.7818119086472337,0.5832032315936202,-0.5392195571617167,0,0,0,remained uninfested,0
258058,ZANTP1,NA,28.1,374.0555802216965,3.3357695763397,3.6218193035975217,0.751225258645937,-0.2860497272578214,0,0,0,remained uninfested,0
232175,ZANTP1,NA,30.3,444.3510851255439,3.4111477125153233,3.794029889238866,0.681893237448475,-0.3828821767235429,0,0,0,remained uninfested,0
236864,ZANTP1,NA,30.7,382.0178958186332,3.4242626545931514,3.642882362207968,0.803627273382374,-0.2186197076148161,0,0,0,remained uninfested,0
